url,section,title,date,source,text
http://www.ahjjjc.gov.cn/sggb286/p/53745.html,县处级及以下干部,全椒县农委（粮食局)发展计划科科长朱守平严重违纪违法被开除党籍和公职,2018-02-13 10:06,安徽纪检监察网,"日前，经中共全椒县委批准，中共全椒县纪委、县监委对全椒县农委（县粮食局)发展计划科科长、县江淮分水岭综合治理开发工作办公室副主任朱守平严重违纪违法问题进行了纪律审查、监察调查。,经查，朱守平违反政治纪律，在组织审查期间失联，对抗组织审查；违反中央八项规定精神和廉洁纪律，收受服务对象礼品、礼品券；违反组织纪律，在组织对其谈话时不如实说明问题；违反群众纪律，向服务对象摊派相关费用；违反工作纪律，不正确履行职责；违反生活纪律；利用职务上便利为他人谋取利益，索取、非法收受他人财物，涉嫌受贿犯罪；伙同他人侵吞公款，涉嫌贪污犯罪。,朱守平身为中共党员和行政机关任命的事业单位工作人员，理想信念丧失，纪律观念、法律意识淡薄，对党不忠诚、不老实，全面破纪，严重违反党的纪律和国家法律法规，涉嫌违法犯罪，且十八大之后不收敛、不收手，多次向他人索取财物，情节严重、性质恶劣，应予严肃处理。依据《中国共产党纪律处分条例》和《事业单位工作人员处分暂行规定》等有关规定，中共全椒县纪委、全椒县监委决定给予朱守平开除党籍、开除公职处分；收缴违纪所得；将朱守平涉嫌职务犯罪一案移送检察机关依法提起公诉。（滁州市纪委、市监委）"
http://www.ahjjjc.gov.cn/sggb286/p/54251.html,县处级及以下干部,颍上县古城镇原党委委员刘凤亚接受组织审查和监察调查,2018-03-01 15:59,安徽纪检监察网,颍上县古城镇原党委委员刘凤亚涉嫌严重违纪违法，目前正接受组织审查和监察调查。（阜阳市纪委监委）
http://www.ahjjjc.gov.cn/sggb286/p/54366.html,县处级及以下干部,五河县晶源水务有限公司财务科长王晓春接受组织审查和监察调查,2018-03-05 10:21,安徽纪检监察网,"五河县晶源水务有限公司财务科长王晓春涉嫌严重违纪违法,目前正接受组织审查和监察调查。（蚌埠市纪委监委）"
http://www.ahjjjc.gov.cn/sggb286/p/54455.html,县处级及以下干部,合肥热电集团有限公司原董事长、总经理、党委书记汪昌跃接受组织审查和监察调查,2018-03-07 08:44,安徽纪检监察网,"合肥热电集团有限公司原董事长、总经理、党委书记汪昌跃涉嫌严重违纪违法，目前正接受组织审查和监察调查。,汪昌跃简历：,汪昌跃，男，回族，1958年11月出生，合肥市人，1977年9月参加工作，1985年12月加入中国共产党。曾任合肥市自来水总公司团委干事、团委副书记、书记，民生贸易公司经理、办公室主任，合肥自来水总公司纪委书记，合肥供水集团副总经理、党委委员，合肥供水集团总经理、党委委员，合肥供水集团有限公司总经理、党委副书记、董事；2009年8月至2010年6月任合肥燃气集团有限公司总经理、党委副书记、副董事长（2009年11月起行使合肥热电集团董事长、总经理、党委书记职责）；2010年6月至2014年7月任合肥热电集团执行董事、总经理、党委书记；2014年7月至2017年6月任合肥热电集团董事长、总经理、党委书记；2017年9月任合肥热电集团企业顾问。（合肥市纪委监委）"
http://www.ahjjjc.gov.cn/sggb286/p/54502.html,县处级及以下干部,界首市委党校常务副校长李奎接受组织审查和监察调查,2018-03-07 16:32,安徽纪检监察网,界首市委党校常务副校长李奎涉嫌严重违纪违法，目前正接受组织审查和监察调查。（阜阳市纪委监委）
http://www.ahjjjc.gov.cn/sggb286/p/54555.html,县处级及以下干部,阜阳市民用航空局计财科科长耿振高接受组织审查和监察调查,2018-03-08 16:46,安徽纪检监察网,阜阳市民用航空局计财科科长耿振高涉嫌严重违纪违法，目前正接受组织审查和监察调查。（阜阳市纪委监委）
http://www.ahjjjc.gov.cn/sggb286/p/54597.html,县处级及以下干部,淮北市公路局直属分局工养科科长李保民接受监察机关调查,2018-03-09 10:51,安徽纪检监察网,淮北市公路局直属分局工养科科长李保民涉嫌严重违法，目前正接受监察机关调查。（淮北市纪委监委）
http://www.ahjjjc.gov.cn/sggb286/p/53658.html,县处级及以下干部,无为县十里墩镇原党委书记曹根谊严重违纪违法被开除党籍和公职,2018-02-11 15:27,安徽纪检监察网,"日前，经中共无为县委批准，中共无为县纪委、县监察委员会对十里墩镇原党委书记曹根谊严重违纪违法问题进行了组织审查、监察调查。,经查，曹根谊违反政治纪律，对抗组织审查调查；违反中央八项规定精神，多次违规接受管理和服务对象安排的宴请，利用其子升学之机违规收受管理和服务对象礼金；违反组织纪律，不如实报告个人有关事项；违反廉洁纪律，多次收受管理和服务对象所送礼品，违规报销个人费用；违反群众纪律，侵害群众利益；违反工作纪律，不履行全面从严治党主体责任，违规出让土地，纵容违法建设；违反生活纪律；违反国家法律法规规定，涉嫌贪污、受贿犯罪。,曹根谊身为党员领导干部，理想信念丧失，无视党纪国法，宗旨意识淡漠，毫无组织原则，独断专行，私欲膨胀，用权任性，底线全面失守，在党的十八大后仍不收敛、不收手、不知止，我行我素，顶风违纪，严重违反党的纪律，并涉嫌犯罪，性质恶劣、情节严重。依据《中国共产党纪律处分条例》、《中华人民共和国公务员法》等有关规定，经中共无为县委批准，中共无为县纪委、县监察委员会决定给予曹根谊开除党籍、开除公职处分；依法罢免曹根谊无为县第十七届人民代表大会代表职务；终止曹根谊中共无为县第十四次代表大会代表资格；收缴曹根谊违纪所得；将曹根谊涉嫌贪污、受贿犯罪问题移送检察机关依法提起公诉。（芜湖市纪委、市监委）"
http://www.ahjjjc.gov.cn/sggb/p/47944.html,厅局级干部,安徽出版集团原党委书记、董事长王亚非严重违纪被开除党籍 ,2017-08-14 16:34,安徽纪检监察网,"日前，经中共安徽省委批准，安徽省纪委对安徽出版集团原党委书记、董事长王亚非严重违纪问题进行了立案审查。&nbsp;,经查，王亚非毫无党性原则和组织观念，违反政治纪律，对抗组织审查，长期搞迷信活动；违反中央八项规定精神，违规建设、出入高档会所，违规公款发放拜年红包；违反组织纪律，不如实向组织说明问题和报告个人有关情况；违反廉洁纪律，收受礼金、购物卡，违规兼职取酬、滥发津补贴，违规在单位报销个人费用；违反工作纪律，履行全面从严治党主体责任和第一责任人职责缺位，造成恶劣影响；违反“三重一大”决策制度，个人决定大额度资金使用；违反生活纪律；利用职务上的便利为他人谋取利益并收受巨额财物，涉嫌受贿犯罪。,王亚非身为党员领导干部，理想信念丧失，集政治上蜕变、经济上贪婪、生活上腐化于一身，把江湖义气带到组织生活，搞“小圈子”和“一言堂”，借公权谋私利，严重违反党的纪律，并涉嫌违法犯罪，且在党的十八大后仍不收敛、不收手，性质恶劣、情节严重，严重损害了党的形象，破坏了所在单位的政治生态。依据《中国共产党纪律处分条例》等有关规定，经中共安徽省纪委常委会会议研究并报中共安徽省委批准，决定给予王亚非开除党籍处分；按规定取消其退休待遇；收缴其违纪所得；将其涉嫌犯罪问题、线索及所涉款物移送司法机关依法处理。,王亚非简历&nbsp;,王亚非，男，汉族，1955年4月生，安徽凤台人，大学学历，1976年6月加入中国共产党，1974年4月参加工作。曾任省技术进出口公司总经理、董事长，省外经贸厅副厅长，省商务厅副厅长；2005年9月起任安徽出版集团党委书记、董事长。2015年8月退休。"
http://www.ahjjjc.gov.cn/sggb/p/47945.html,厅局级干部,安徽省质监局原党组书记、局长朱琳严重违纪被开除党籍和公职 ,2017-08-14 16:42,安徽纪检监察网,"日前，经中共安徽省委批准，安徽省纪委对安徽省质监局原党组书记、局长朱琳严重违纪问题进行了立案审查。,经查，朱琳严重违反政治纪律，与他人串供、伪造、销毁、转移、隐匿证据，对抗组织审查；违反中央八项规定精神，公款吃喝；违反组织纪律，在组织函询时不如实说明问题，不如实报告个人有关事项；违反廉洁纪律，收受礼金、礼品，将个人费用在下属单位报销；违反生活纪律;利用职务上的便利和影响为他人谋取利益并索取、收受巨额财物，涉嫌受贿犯罪。,朱琳身为党员领导干部，理想信念丧失,纪律意识淡漠，对党不忠诚、不老实，全面破纪，政商关系“亲清不分”，肆意权钱交易，涉嫌违法犯罪，且在党的十八大后不收敛、不收手，性质恶劣、情节严重，严重损害了党的利益和形象，破坏了所在单位政治生态。依据《中国共产党纪律处分条例》、《行政机关公务员处分条例》等有关规定，经中共安徽省纪委常委会会议研究并报安徽省委批准，决定给予朱琳开除党籍处分;由安徽省监察厅报安徽省政府批准，给予其开除公职处分;收缴其违纪所得;将其涉嫌犯罪问题、线索及所涉款物移送司法机关依法处理。,朱琳简历,朱琳，男，汉族，1957年9月出生，江苏泗洪人，大学学历，1995年4月加入中国共产党，1976年2月参加工作。2000年8月至2007年4月，历任省政府驻北京办事处分党组成员、副主任、分党组书记、主任；2007年4月至2011年4月任省政府副秘书长兼省政府驻北京办事处分党组书记、主任；2011年4月至2017年4月任省质监局党组书记、局长。"
http://www.ahjjjc.gov.cn/sggb/p/48837.html,厅局级干部,安徽交通控股集团公司原党委书记、董事长周仁强被开除党籍 ,2017-09-27 10:01,安徽纪检监察网,"日前，经中共安徽省委批准，安徽省纪委对省交通控股集团有限公司原党委书记、董事长周仁强严重违纪问题进行了立案审查。,经查，周仁强严重违反政治纪律，转移有关物品，对抗组织审查；违反中央八项规定精神，组织公款吃喝，违规出入私人会所接受私营老板宴请；违反廉洁纪律，默许亲属利用其职务影响谋取私利，利用职务便利为亲属所在的单位谋取利益，其亲属获取巨额奖金，违规在下属单位报销应由个人承担的学习费用，接受礼品、礼金；违反工作纪律，不正确履行职责，给国有资产造成重大损失。,周仁强身为党员领导干部和省属重点国有企业负责人，理想信念丧失，宗旨意识淡漠，私利贪欲膨胀，用权偏私任性，给国家利益造成重大损失，且在党的十八大后不收敛、不收手，性质恶劣，情节严重。依据《中国共产党纪律处分条例》等有关规定，经中共安徽省纪委常委会会议研究并报中共安徽省委批准，决定给予周仁强开除党籍处分；按规定取消其退休待遇；收缴其违纪所得；将其涉嫌犯罪问题线索移送司法机关处理。"
http://www.ahjjjc.gov.cn/sggb/p/50087.html,厅局级干部,安徽省徽商集团有限公司原党委书记、董事长许家贵等2人接受组织审查,2017-11-13 17:25,安徽纪检监察网,"安徽省徽商集团有限公司原党委书记、董事长许家贵涉嫌严重违纪，目前正接受组织审查。,许家贵简历,许家贵，男，汉族，1953年11月生，安徽合肥人， 1982年1月参加工作，1974年12月加入中国共产党，安徽大学经济系毕业，大学学历，经济学学士，高级经济师。历任安徽国际经济技术合作公司总经理助理、副总经理；2000年9月，任亳州市副市长；2003年，任亳州市委常委、副市长；2007年1月，任省徽商集团有限公司党委书记、董事长，2014年10月退休。,安徽省徽商集团有限公司党委副书记、纪委书记张皓涉嫌严重违纪，目前正接受组织审查。,张皓简历,张皓，男，江苏省武进县人，汉族，1963年11月出生，1986年7月参加工作，1989年6月入党。大学学历，农学学士。历任省委综合协调处助理调研员、省委政研室综合协调处副处长、省委办公厅综合协调处调研员；2002年9月至2010年5月，任省徽商集团有限公司总经理助理、副总经理；2010年5月至2015年2月，任省徽商集团有限公司党委副书记、董事；2015年2月至今，任省徽商集团有限公司党委副书记、纪委书记、董事。"
http://www.ahjjjc.gov.cn/sggb/p/50453.html,厅局级干部,铜陵市人大常委会原党组副书记、副主任崔玉奇严重违纪被开除党籍和公职 ,2017-11-24 17:17,安徽纪检监察网,"日前，经中共安徽省委批准，安徽省纪委对铜陵市人大常委会原党组副书记、副主任崔玉奇严重违纪问题进行了立案审查。&nbsp;&nbsp;,经查，崔玉奇严重违反政治纪律，对抗组织审查；严重违反中央八项规定精神，违规使用公务用车，接受公款宴请和私营企业主宴请；严重违反廉洁纪律，收受礼品礼金，利用职权和职务影响为特定关系人经营活动谋取利益，以招商为名变相公款出国（境）旅游，接受可能影响公正执行公务的旅游活动安排；严重违反工作纪律，违规为企业办理房地产权证；严重违反生活纪律；利用职务上的便利为他人谋取利益并收受财物，涉嫌受贿犯罪；违规向企业返还土地出让金和契税，造成国有资产重大损失，涉嫌滥用职权犯罪。,崔玉奇身为党员领导干部，理想信念丧失，法纪意识淡漠，对党不忠诚、不老实，政商关系“亲清不分”，严重违反党的纪律，并涉嫌违法犯罪，且在党的十八大后不收敛、不收手，情节严重、性质恶劣，应予严肃处理。依据《中国共产党纪律处分条例》等有关规定，经中共安徽省纪委常委会会议研究并报中共安徽省委批准，决定给予崔玉奇开除党籍和公职处分；终止其中共铜陵市第十次党代会代表资格；收缴其违纪所得；将其涉嫌犯罪问题、线索及所涉款物移送司法机关依法处理。,崔玉奇简历,崔玉奇，男， 1960年1月出生，汉族，江苏徐州人，大学学历，1991年7月加入中国共产党，1982年8月参加工作。,1994年12月任合钢公司副经理；,1997年6月任铜陵县委副书记、代县长；,1997年12月任铜陵县委副书记、县长；,2001年5月任铜陵市政府副秘书长；,2002年1月任铜陵市建委党委书记、主任；,2003年3月任铜陵市政府秘书长、党组成员、市政府办公室党组书记；,2008年6月任铜陵经济技术开发区管委会主任；,2009年2月任铜陵市政府副市长、铜陵经济技术开发区管委会主任；,2012年7月任铜陵市政府党组成员、副市长；,2013年1月任铜陵市人大常委会党组副书记、副主任；,2017年9月11日，省委决定免去崔玉奇铜陵市人大常委会副主任职务；,2017年9月19日，铜陵市人大常委会审议同意接受崔玉奇辞去铜陵市十五届人大代表职务，崔玉奇的市人大代表资格终止。"
http://www.ahjjjc.gov.cn/sggb/p/50454.html,厅局级干部,合肥巢湖经济开发区管委会原党工委书记、主任王爱华严重违纪被开除党籍和公职 ,2017-11-24 17:23,安徽纪检监察网,"日前，经中共安徽省委批准，安徽省纪委对合肥巢湖经济开发区管委会原党工委书记、主任王爱华严重违纪问题进行了立案审查。,经查，王爱华严重违反中央八项规定精神，违规占用改建公房归个人使用；严重违反组织纪律，不如实申报个人房产；严重违反廉洁纪律，收受礼品礼金，违规从事营利活动，利用职权和职务影响为亲属的经营活动谋取利益，违反财经纪律；利用职务上的便利为他人谋取利益并收受财物，涉嫌受贿犯罪。,王爱华身为党员领导干部，理想信念丧失，毫无党性观念和纪律意识，对党不忠诚、不老实，充当“两面人”，把人民赋予的权力当成家族谋取私利的工具，一人当官、全家发财，严重违反党的纪律，并涉嫌违法犯罪，且在党的十八大后不收敛、不收手，情节严重、性质恶劣，应予严肃处理。依据《中国共产党纪律处分条例》等有关规定，经中共安徽省纪委常委会会议和省监察厅厅长办公会研究并报中共安徽省委批准，决定给予王爱华开除党籍和公职处分；终止其中共安徽省第十次党代会、合肥市第十一次党代会代表资格；收缴其违纪所得；将其涉嫌犯罪问题、线索及所涉款物移送司法机关依法处理。,王爱华简历,王爱华，女， 1963年5月出生，汉族，安徽庐江人，大学学历，1995年11月加入中国共产党，1984年10月参加工作。,1984年11月任中房合肥分公司规划设计室技术员；,1993年7月任合肥市建设综合开发公司办事员；,1993年9月任合肥市建设综合开发公司规划设计处副处长；,1998年1月任合肥市建设综合开发公司规划设计处处长；,2000年6月任合肥新站综合开发区建设发展局局长；,2002年3月任合肥市规划局党组书记、局长；,2013年1月任合肥巢湖经济开发区管委会党工委书记、主任;,2017年9月11日，省委免去王爱华合肥巢湖经济开发区管委会主任职务。"
http://www.ahjjjc.gov.cn/sggb/p/50455.html,厅局级干部,铜陵市人大常委会原党组成员、副主任王毅军严重违纪被开除党籍和公职,2017-11-24 17:28,安徽纪检监察网,"日前，经中共安徽省委批准，安徽省纪委对铜陵市人大常委会原党组成员、副主任王毅军严重违纪问题进行了立案审查。,经查，王毅军严重违反政治纪律，对抗组织审查；严重违反中央八项规定精神，组织并参加公款吃喝，接受私营企业主宴请；严重违反组织纪律，为自己提拔电话拉票；严重违反廉洁纪律，利用职权和职务影响为亲属经营活动谋取利益，收受礼品礼金；严重违反工作纪律，违规借款给私营企业；严重违反生活纪律；利用职务上的便利为他人谋取利益并收受财物，涉嫌受贿犯罪；擅自决定向企业返还土地出让金，造成国有资产重大损失，涉嫌滥用职权犯罪。,王毅军身为党员领导干部，理想信念丧失，无视党纪国法，行为底线全面失守，特别是被提拔到重要经济工作领导岗位后，大搞权钱交易、利益交换，给国家财产造成重大损失，严重违反党的纪律，并涉嫌违法犯罪，且在党的十八大后不收敛、不收手，情节严重、性质恶劣，应予严肃处理。依据《中国共产党纪律处分条例》等有关规定，经中共安徽省纪委常委会会议研究并报中共安徽省委批准，决定给予王毅军开除党籍和公职处分；终止其中共铜陵市第十次党代会代表资格；收缴其违纪所得；将其涉嫌犯罪问题、线索及所涉款物移送司法机关依法处理。,王毅军简历,王毅军，男， 1959年6月出生，汉族，安徽桐城人，研究生学历，1985年6月加入中国共产党，1977年3月参加工作。,1983年7月任铜陵财经专科学校教师；,1984年2月任铜陵市委讲师团教员、讲师；,1992年4月任铜陵化工集团宣传部理论科科长；,1994年1月任铜陵化工集团合成氨厂党委书记；,1998年12月任铜陵市经贸委副主任、党委委员；,2001年12月任铜陵市政府副秘书长，兼市企业改革办主任、市重点工程协调办主任；,2005年1月任铜陵县委副书记、代县长；,2005年3月任铜陵县委副书记、县长；,2007年7月任铜陵市发改委党组书记、主任；,2012年7月任铜陵市经济技术开发区党工委书记、管委会主任；,2016年2月任铜陵市人大常委会党组成员、副主任；,2017年9月11日，省委决定免去王毅军铜陵市人大常委会副主任职务；,2017年9月19日，铜陵市人大常委会审议同意接受王毅军辞去铜陵市十五届人大代表职务，王毅军的市人大代表资格终止。"
http://www.ahjjjc.gov.cn/sggb/p/51488.html,厅局级干部,中共安徽省纪委驻原省卫生厅纪检组组长、党组成员吴敦武接受组织审查 ,2017-12-24 10:26,安徽纪检监察网,"中共安徽省纪委驻原省卫生厅纪检组组长、党组成员吴敦武涉嫌严重违纪，目前正接受组织审查。,吴敦武简历,吴敦武，男，汉族，1953年8月生，安徽省庐江县人，大学文化，1972年3月参加工作，1985年2月入党，1972年3月至1981年3月在省冶金地质局808地质队、合肥钢铁公司机修厂当工人；1981年3月至1990年10月历任省冶金技校办事员、办公室副主任、主任；1990年10月至2008年5月历任省纪委监察厅主任科员、副处级调研员、副处级纪检监察员、室副主任、副厅级纪检员；2008年5月至2013年8月任省纪委驻原省卫生厅纪检组组长、党组成员，2013年8月退休。2012年3月至今，任省输血协会会长。"
http://www.ahjjjc.gov.cn/sggb286/p/52286.html,县处级及以下干部,太和县人社局信息中心副主任段新德接受组织审查和监察调查,2018-01-16 10:20,安徽纪检监察网,太和县人社局信息中心副主任段新德涉嫌严重违纪违法，目前正接受组织审查和监察调查。（阜阳市纪委、市监委）
http://www.ahjjjc.gov.cn/sggb286/p/52636.html,县处级及以下干部,亳州市谯城区文学艺术界联合会党组书记丁杰接受组织审查和监察调查,2018-01-19 17:04,安徽纪检监察网,亳州市谯城区文学艺术界联合会党组书记丁杰涉嫌严重违纪违法，目前正在接受组织审查和监察调查。（亳州市纪委、市监委）
http://www.ahjjjc.gov.cn/sggb286/p/52789.html,县处级及以下干部,凤阳县枣巷镇移民建房办公室主任陈宗良接受组织审查和监察调查,2018-01-24 09:00,安徽纪检监察网,凤阳县枣巷镇移民建房办公室主任陈宗良涉嫌严重违纪违法，正在接受组织审查和监察调查。（滁州市纪委、市监委）
http://www.ahjjjc.gov.cn/sggb286/p/53043.html,县处级及以下干部,黟县宏村镇际村村委会主任吴巍严重违纪被开除党籍,2018-01-30 09:15,安徽纪检监察网,"日前，经宏村镇纪委批准，对宏村镇际村村委会主任吴巍严重违纪问题进行了组织审查。,经查，吴巍严重违反国家法律法规，以帮助村民申请审批建房、维修房屋为由，擅自以际村村委会的名义，收取村民建房、维修房屋保证金，收取保证金后既未上缴宏村镇“三资”中心也未退还村民，私自使用且超过三个月以上，数额较大。,吴巍身为党员领导干部，背弃党的宗旨，丧失理想信念，侵害群众利益，违反党的纪律和国家法律法规，涉嫌挪用资金罪，性质恶劣，情节严重。依据《中国共产党纪律处分条例》等有关规定，经县纪委常委会研究决定，给予吴巍开除党籍处分，违纪款责令退赔，将其涉嫌违法问题、线索移交司法机关处理。（黄山市纪委、市监委）"
http://www.ahjjjc.gov.cn/sggb286/p/53578.html,县处级及以下干部,霍邱县户胡镇主任科员薛恩来严重违纪违法被开除党籍和公职,2018-02-09 10:33,安徽纪检监察网,"日前，经中共霍邱县委批准，中共霍邱县纪委、县监委对霍邱县户胡镇主任科员薛恩来严重违纪违法问题进行了纪律审查、监察调查。,经查，薛恩来违反政治纪律，与他人串供，对抗组织审查调查；违反中央八项规定精神，接受服务对象安排的旅游及宴请活动；违反组织纪律，不按规定报告个人有关事项；违反廉洁纪律，收受他人礼品礼金；违反工作纪律，不正确履行职责；违反生活纪律；利用职务上的便利索取他人财物，非法收受他人财物，为他人谋取利益，涉嫌受贿犯罪；虚报占有国有资金，涉嫌贪污犯罪。,薛恩来身为党员干部，背弃入党初心，背离党性宗旨，丧失理想信念，私欲极度膨胀，严重违反党的纪律和国家法律法规，涉嫌贪污、受贿犯罪，且在党的十八大甚至十九大后仍不收敛、不收手，性质恶劣、情节严重。依据《中国共产党纪律处分条例》、《行政机关公务员处分条例》等有关规定，经中共霍邱县委批准，中共霍邱县纪委、县监委决定给予薛恩来开除党籍、开除公职处分；收缴违纪所得；将薛恩来涉嫌职务犯罪问题移送检察机关依法提起公诉。（六安市纪委、市监委）"
http://www.ahjjjc.gov.cn/sggb286/p/52048.html,县处级及以下干部,霍邱县户胡镇主任科员薛恩来接受组织审查和监察调查,2018-01-10 08:18,安徽纪检监察网,霍邱县户胡镇主任科员薛恩来涉嫌严重违纪违法，目前正接受组织审查和监察调查。(六安市纪委、市监委)
http://www.ahjjjc.gov.cn/sggb286/p/52122.html,县处级及以下干部,颍上县八里河镇韩郢村原党总支书记徐永联接受组织审查和监察调查,2018-01-11 10:27,安徽纪检监察网,颍上县八里河镇韩郢村原党总支书记徐永联涉嫌严重违纪违法，目前正接受组织审查和监察调查。 （阜阳市纪委、市监委）
http://www.ahjjjc.gov.cn/sggb/p/44388.html,厅局级干部,皖西卫生职业学院党委书记郑丹竹接受组织调查,2017-02-24 10:03,安徽纪检监察网,"皖西卫生,职业,学院党委书记郑丹竹涉嫌严重违纪，目前正在接受组织调查。"
http://www.ahjjjc.gov.cn/sggb/p/44384.html,厅局级干部,池州学院党委书记何根海接受组织审查,2017-03-13 14:59,安徽纪检监察网,池州学院党委书记何根海涉嫌严重违纪，目前正在接受组织审查。
http://www.ahjjjc.gov.cn/sggb/p/44385.html,厅局级干部,安徽出版集团有限责任公司原党委书记、董事长王亚非接受组织审查,2017-03-20 19:27,安徽纪检监察网,安徽出版集团有限责任公司原党委书记、董事长王亚非涉嫌严重违纪，目前正在接受组织审查。
http://www.ahjjjc.gov.cn/sggb/p/44371.html,厅局级干部,安徽省质量技术监督局党组书记、局长朱琳接受组织审查,2017-04-19 11:15,安徽纪检监察网,"安徽省质量技术监督局党组书记、局长朱琳涉嫌严重违纪，目前正在接受组织审查。,朱琳简历,朱琳，男，1957年9月生，籍贯江苏泗洪，1976年2月参加工作，大学学历，中共党员。历任合肥市政府驻北京联络处副主任，合肥市政府办公厅副主任兼市政府驻北京联络处主任，省政府驻北京办事处副主任、主任，省政府副秘书长、省政府驻北京办事处主任、分党组书记。2011年4月任省质量技术监督局局长、党组书记。（简历摘自安徽省质量技术监督局网站）　"
http://www.ahjjjc.gov.cn/sggb/p/46323.html,厅局级干部,"池州学院皖西卫生职业学院两校原党委书记被""双开"" ",2017-06-02 20:06,安徽纪检监察网,"池州学院原党委书记何根海严重违纪被开除党籍开除公职,日前，经中共安徽省委批准，安徽省纪委对池州学院原党委书记何根海严重违纪问题进行了立案审查。,经查，何根海严重违反政治纪律，对抗巡视监督和组织审查，巡视整改落实不到位；违反中央八项规定精神，违规发放和领取津补贴，公车私用；严重违反组织纪律，个人决定重大事项，违规选拔任用干部，不按规定报告个人有关事项;严重违反廉洁纪律，利用职权为亲友经营活动谋利，利用职权为他人谋取利益、其亲属收受他人财物，默许、纵容身边工作人员利用其职务影响谋取私利，收受礼品、礼金，违规配备和使用公务用车；严重违反工作纪律，履行全面从严治党主体责任不力；违反国家法律法规规定，授意、指使有关人员弄虚作假、虚列会议费支出调减招待费。利用职务上的便利为他人谋取利益并收受财物，涉嫌受贿犯罪；利用职务上的便利非法占有公共财物，涉嫌贪污犯罪。,何根海身为党员领导干部，理想信念丧失，纪律观念淡漠，受贪欲驱使，为亲情所累，公私不分、公权私用，严重违反党的纪律，并涉嫌违法犯罪，且十八大后不收敛、不收手，是发生在高校系统的一起典型案件，对所在单位政治生态造成严重影响。依据《中国共产党纪律处分条例》等有关规定，经中共安徽省纪委常委会会议研究并报中共安徽省委批准，决定给予何根海开除党籍、开除公职处分；终止其省第十次党代会代表资格，责令其辞去池州市第三届人大代表职务；收缴其违纪所得；将其涉嫌犯罪问题移送司法机关处理。,皖西卫生职业学院原党委书记郑丹竹严重违纪被开除党籍开除公职,日前，经中共安徽省委批准，安徽省纪委对皖西卫生职业学院原党委书记郑丹竹严重违纪问题进行了立案审查。&nbsp;,经查，郑丹竹违反中央八项规定精神，用公款旅游，超标准配置、使用办公用房；严重违反廉洁纪律，收受可能影响公正执行公务的礼金、购物卡；违反生活纪律。利用职务上的便利为他人谋取利益并收受财物，涉嫌受贿犯罪。&nbsp;,郑丹竹身为党员领导干部，严重缺乏政治定力、纪律定力、道德定力和抵腐定力，严重违反党的纪律，并涉嫌违法犯罪，且十八大后不收敛、不收手。其违纪违法行为性质恶劣、情节严重，严重损害了党的形象，破坏了当地政治生态。依据《中国共产党纪律处分条例》和《事业单位工作人员处分暂行规定》等有关规定，经中共安徽省纪委常委会会议研究并报中共安徽省委批准，决定给予郑丹竹开除党籍、开除公职处分；收缴其违纪所得；将其涉嫌犯罪问题、线索及所涉款物移送司法机关依法处理。&nbsp;"
http://www.ahjjjc.gov.cn/sggb/p/47428.html,厅局级干部,安徽省政府原秘书长杨敬农严重违纪被开除党籍,2017-07-20 16:59,安徽纪检监察网,"日前，经中共安徽省委批准，安徽省纪委对省政府原秘书长杨敬农严重违纪问题进行了立案审查。,经查，杨敬农毫无党性观念和纪律意识，严重违反政治纪律和政治规矩，对抗组织审查；严重违反廉洁纪律，违规从事营利活动，违规为其亲属经营活动提供帮助；严重违反生活纪律；严重违反国家法律法规规定，利用职务便利为他人谋取利益并收受或伙同他人收受巨额财物，涉嫌受贿犯罪。,杨敬农身为党员领导干部，毫无理想信念，对党不忠诚、不老实，长期充当“两面人”，政商关系“亲清不分”，既想当官、又想发财，严重违反党的纪律，并涉嫌违法犯罪，且在党的十八大后不收敛、不收手，性质恶劣、情节严重。依据《中国共产党纪律处分条例》等有关规定，经中共安徽省纪委常委会会议研究并报中共安徽省委批准，决定给予杨敬农开除党籍处分；由省监察厅报省政府批准，给予其开除公职处分；终止其省第十次党代会代表资格；收缴其违纪所得;将其涉嫌犯罪问题、犯罪线索及所涉款物移送司法机关依法处理。"
http://www.ahjjjc.gov.cn/sggb/p/47506.html,厅局级干部,安徽省合肥巢湖经济开发区管委会主任王爱华接受组织审查,2017-07-24 19:23,安徽纪检监察网,安徽省合肥巢湖经济开发区管委会主任王爱华涉嫌严重违纪，目前正在接受组织审查。
http://www.ahjjjc.gov.cn/sggb/p/47518.html,厅局级干部,安徽省铜陵市人大常委会副主任崔玉奇、王毅军接受组织审查,2017-07-25 11:30,安徽纪检监察网,"安徽省铜陵市人大常委会副主任崔玉奇、王毅军涉嫌严重违纪，目前正在接受组织审查。,崔玉奇简历,马鞍山钢铁学院冶金工程系轧钢专业学习,合钢公司初轧厂技术员、丙班工长,合钢公司规划处规划科技干,合钢公司规划处规划科副科长,合钢公司中型厂副厂长,合钢公司中型厂厂长,合钢公司技改处处长、副经理,合钢公司副经理,铜陵县委副书记、代县长,铜陵县委副书记、县长,铜陵市政府副秘书长,12省委党校中青年干部培训班学习）,铜陵市建委主任、党委书记,铜陵市政府秘书长、党组成员，市政府办公室党组书记,铜陵经济技术开发区管委会主任、党工委副书记,铜陵市政府副市长，铜陵经济技术开发区管委会主任、党工委书记,铜陵市政府副市长，铜陵经济技术开发区管委会主任,铜陵市政府副市长,铜陵市人大常委会副主任、党组副书记,王毅军简历,太平县焦村公社峰景大队知青,安徽劳动大学政治系政治经济学专业学生,安徽大学经济系政治经济学专业学生,铜陵财经专科学校教师,铜陵市委讲师团教员、讲师,铜陵化工集团宣传部理论科副科长、科长,铜化集团公司合成氨厂党委书记、纪委书记,铜化集团公司合成氨厂党委书记,其间：1997.10--1998.05参加省委组织部、省经贸委、省人事厅、省教委举办的高级工商管理任职资格培训班学习）,铜陵市经贸委副主任、党委委员,铜陵市政府副秘书长，兼市企业改革办主任、市重点工程协调办主任,铜陵市政府副秘书长(正县级)，兼市企业改革办主任、市重点工程协调办主任,07省委党校在职研究生班经济管理专业学习；2000.09--2003.07省委党校在职研究生班经济管理专业学习）,铜陵县委副书记、代县长,铜陵县委副书记、县长,铜陵市发改委主任、党组书记,铜陵市铜陵经济技术开发区管委会主任（副市级）,铜陵市人大常委会副主任"
http://www.ahjjjc.gov.cn/sggb286/p/52201.html,县处级及以下干部,全椒县农委（粮食局）发展计划科科长朱守平接受组织审查和监察调查,2018-01-12 16:46,安徽纪检监察网,全椒县农委（粮食局）发展计划科科长朱守平涉嫌严重违纪违法，正在接受组织审查和监察调查。(滁州市纪委)
http://www.ahjjjc.gov.cn/sggb286/p/52035.html,县处级及以下干部,枞阳县人民医院院长周桃林接受组织审查和监察调查,2018-01-09 16:00,安徽纪检监察网,枞阳县人民医院院长周桃林涉嫌严重违纪违法，正在接受组织审查和监察调查。（铜陵市纪委）
http://www.ahjjjc.gov.cn/sggb286/p/50342.html,县处级及以下干部,安庆市委宣传部原常务副部长张金华接受组织审查,2017-11-22 15:54,安徽纪检监察网,据安庆市纪委消息：安庆市委宣传部原常务副部长张金华涉嫌严重违纪，目前正接受组织审查。&nbsp;
http://www.ahjjjc.gov.cn/sggb286/p/50422.html,县处级及以下干部,蚌埠市交通局总工程师杨杰严重违纪被开除公职,2017-11-24 15:06,安徽纪检监察网,"日前，蚌埠市监察局对市交通运输局总工程师杨杰严重违纪问题进行了立案审查。,经查，杨杰严重违反政治纪律，与他人串供，对抗组织审查；违反廉洁纪律，违规从事营利性活动、收受礼金；违反生活纪律，与多名女性发生不正当性关系；违反国家法律法规规定，贪污公款、收受他人贿赂，数额巨大，涉嫌犯罪。,杨杰身为领导干部，理想信念丧失，纪律意识淡薄，私利贪欲膨胀，且在党的十八大后仍不收敛、不收手，其行为性质恶劣、情节严重。根据《行政机关公务员处分条例》等有关规定，经蚌埠市监察局局长办公会议研究，并经蚌埠市政府批准，给予杨杰开除公职处分；收缴其违纪所得；将其涉嫌违法犯罪问题、线索及所涉款物移送司法机关依法处理。（蚌埠市监察局）"
http://www.ahjjjc.gov.cn/sggb286/p/50609.html,县处级及以下干部,青阳县国家税务局税源管理二科原科长、木镇国税分局原副局长（主持工作）陈学文严重违纪被开除党籍,2017-11-30 16:30,安徽纪检监察网,"日前，中共青阳县纪委对青阳县国家税务局税源管理二科原科长、木镇国税分局原副局长（主持工作）陈学文严重违纪问题进行了立案审查。,经查，陈学文严重违反政治纪律，对抗组织审查；严重违反中央八项规定精神和廉洁纪律，长期违规收受购物卡和礼品礼金；严重违反生活纪律；利用职务之便为他人谋取利益并收受财物，涉嫌犯罪。,陈学文身为党员干部，毫无党性观念和纪律意识，对党不忠诚、不老实，且在党的十八大后不收敛、不收手，顶风违纪，情节严重。依据《中国共产党纪律处分条例》等有关规定，经中共青阳县纪委常委会会议研究，决定给予陈学文开除党籍处分，建议池州市国家税务局按规定给予其相应政纪处分；收缴其违纪所得；将其涉嫌犯罪问题线索移送司法机关依法处理。（池州市纪委）&nbsp;"
http://www.ahjjjc.gov.cn/sggb286/p/50888.html,县处级及以下干部,铜陵市政府副秘书长钱发友接受组织审查,2017-12-08 15:19,安徽纪检监察网,据铜陵市纪委消息：铜陵市政府副秘书长钱发友因涉嫌严重违纪，目前正在接受组织审查。&nbsp;
http://www.ahjjjc.gov.cn/sggb286/p/51506.html,县处级及以下干部,无为县司法局原党组书记、局长张勇因严重违纪受到留党察看一年、行政撤职处分,2017-12-25 15:38,安徽纪检监察网,"日前，经无为县委批准，无为县纪委对县司法局原党组书记、局长张勇严重违纪问题进行了立案审查。,经查，张勇违反政治纪律，在组织对其初核、约谈提醒时不忠诚、不老实，对抗组织审查，心存侥幸，不思悔改，边退边收；违反廉洁纪律，收受钱物，利用职务之便为亲属谋取利益，影响公正执行公务及“亲”“清”政商关系，并对县城投公司违规发放津补贴负主要领导责任；违反工作纪律，在担任县城投公司主要负责人时履行全面从严治党主体责任不力，不仅自身没有执行廉洁自律规定，且公司多名班子成员上行下效存在收受他人钱物现象；违反国家法律法规规定，虚开发票冲抵招待费。,张勇身为党员领导干部，本应以上率下，带头遵纪守法，但其忘记初心，理想信念动摇，纪律底线失守，政商交往失度，在党的十八大后不收敛、不收手。依据《中国共产党纪律处分条例》等有关规定，经县纪委常委会会议（县监察局局长办公会议）研究，报经县委批准，决定给予张勇留党察看一年处分；报经县政府批准，决定给予其行政撤职（撤销县司法局局长职务，按科员级别确定工资待遇）处分。（芜湖市纪委）"
http://www.ahjjjc.gov.cn/sggb/p/44415.html,厅局级干部,"蚌埠市人大常委会党组副书记、 副主任宋家传接受组织调查",2016-06-21 15:55,安徽纪检监察网,"蚌埠市人大常委会党组副书记、副主任宋家传涉嫌严重违纪，目前正在接受组织调查。,宋家传简历,宋家传，男，汉族，1958年1月出生，安徽怀远人，中央党校函授学院法律专业毕业，中央党校大学学历，1974年12月参加工作，1978年11月加入中国共产党。历任部队战士、班长、营部书记、宣化炮兵指挥学院政工系学员、正连职干事、组织股长，蚌埠市中市区委组织部办事员、副科级组织员，蚌埠市委组织部副科级、正科级组织员，蚌埠市委组织部组织科副科长、办公室副主任、部长助理，现任中共蚌埠市人大常委会党组副书记、副主任。,1998年5月后，任蚌埠市委组织部部长助理、办公室副主任、副县级组织员，2000年6月任蚌埠市委组织部副部长（其间：1998年9月至2000年12月在中央党校函授学院法律专业学习）；,2002年8月后，任蚌埠市委组织部副部长、市新经济组织党工委书记；,2004年11月后，任蚌埠市禹会区委副书记、区政府副区长、代区长；,2005年1月后，任蚌埠市禹会区委副书记、区政府区长（其间：2006年3月至2006年6月参加省委党校第二十一期中青年干部培训班学习）；,2008年2月后，任蚌埠市禹会区委书记、区政府区长，2008年8月任蚌埠市禹会区委书记、区人大常委会主任（其间：2008年11月至2008年12月挂任浙江省湖州市吴兴区区长助理）；,2012年1月后，任蚌埠市人大常委会副主任、党组成员，禹会区委书记、区人大常委会主任；,2012年11月后，任蚌埠市人大常委会副主任、党组成员，禹会区委书记；,2013年4月后，任蚌埠市人大常委会,副主任,党组副书记,简历摘自蚌埠市人大网）"
http://www.ahjjjc.gov.cn/sggb/p/44416.html,厅局级干部,"安庆市人民政府党组成员、副市长， 市公安局党委书记、局长范先汉接受组织调查",2016-06-27 17:05,安徽纪检监察网,"安庆市人民政府党组成员、副市长，市公安局党委书记、局长范先汉涉嫌严重违纪，目前正在接受组织调查。,范先汉简历,范先汉，男，汉族，1964年7月生，安徽无为县人， 1985年11月加入中国共产党，1987年7月参加工作，安徽大学历史系历史学专业毕业，中央党校在职研究生学历。 历任共青团安徽省委办公室秘书、副科长、科长、办公室副主任，安徽省青年政治学校（安徽省团校）校长、党委副书记（正县级），枞阳县委副书记（正县级），怀宁县委副书记、代县长、县长，兼任怀宁综合经济开发区管委会主任，怀宁县委书记、县人大常委会主任，2012年9月任安庆市人民政府副市长、党组成员，市公安局党委书记、局长。（简历摘自安庆市人民政府网） &nbsp;"
http://www.ahjjjc.gov.cn/sggb/p/44423.html,厅局级干部,合肥市委副书记、市长张庆军接受组织调查,2016-07-30 17:19,安徽纪检监察网,"合肥市委副书记、市长张庆军涉嫌严重违纪，目前正在接受组织调查。,简历,张庆军，男，1964年3月出生，汉族，籍贯安徽淮北，1985年8月参加工作，1988年4月加入中国共产党，研究生学历，管理学硕士。1981年9月-1985年8月复旦大学管理科学系经济管理专业学习；1985年8月-1996年3月安徽省计划委员会经济研究所工作人员，安徽省计划委员会综合处副主任科员、主任科员，安徽省计划委员会培训中心副主任（副处级）（其间：1992年10月-1995年4月芜湖市政府办公室秘书）；1996年3月-1998年10月安徽省政府办公厅助理调研员、调研员、综合调研室副主任（正处级）；1998年10月-2001年6月铜陵市政府副市长、党组成员；2001年6月-2004年6月中共铜陵市委常委，市政府副市长、党组副书记；2004年6月-2004年8月中共铜陵市委副书记，市政府副市长、代市长、党组书记；2004年8月-2007年4月中共铜陵市委副书记，市政府市长、党组书记；2007年4月-2011年9月安徽省国土资源厅厅长、党组书记；2011年9月-2012年1月中共合肥市委副书记，市政府副市长、代市长、党组书记；2012年1月任中共合肥市委副书记，市政府市长、党组书记（其间：2005年9月-2012年3月中国科学技术大学公共管理专业学习，获管理学硕士学位）。十一届全国人大代表，中共八届、九届省委委员。（简历摘自中国合肥门户网站）"
http://www.ahjjjc.gov.cn/sggb/p/44424.html,厅局级干部,阜阳市政府副市长梁栋接受组织调查,2016-10-14 09:33,安徽纪检监察网,"阜阳市政府副市长梁栋涉嫌严重违纪，目前正接受组织调查。,梁栋简历,安庆农校植保专业学生；1984.07－1989.10 安徽省农科院大豆研究所工作人员；(其间:1986.09-1989.07安徽农学院农学专业函授学习)；1989.10－1993.11 蒙城县委统战部工作人员；(其间:1990.01-1991.03下派吴圩乡锻炼；1991.03-1993.11挂职任小涧区(镇)副区(镇)长)；1993.11－1996.01 蒙城县小涧镇党委副书记、镇长；(其间: 1993.08-1995.12中央党校经管专业函授学习)；1996.01－1997.03 蒙城县小涧镇副县级党委书记；1997.03－1997.12 蒙城县政府党组成员、县长助理；1997.12－2004.04 蒙城县政府党组成员、副县长；2004.04－2006.04 蒙城县委常委、常务副县长；2006.04－2007.02 利辛县委副书记,县政府代县长；2007.02－2009.04 利辛县委副书记、县长；(其间: 2005.09-2008.07在中央党校研究生部经济管理专业学习)；2009.04－2015.02 利辛县委书记、人大常委会主任；2015.02－2015.03 阜阳市政府党组成员、副市长人选；2015.03—至今 阜阳市政府党组成员、副市长。（摘自中国阜阳门户网站）"
http://www.ahjjjc.gov.cn/sggb/p/44430.html,厅局级干部,安徽省交通控股集团有限公司原董事长、党委书记周仁强接受组织调查,2016-11-18 16:44,安徽纪检监察网,安徽省交通控股集团有限公司原董事长、党委书记周仁强涉嫌严重违纪，目前正在接受组织调查。
http://www.ahjjjc.gov.cn/sggb/p/44432.html,厅局级干部,合肥市委原副书记、原市长张庆军严重违纪被开除党籍,2016-12-10 10:08,安徽纪检监察网,"日前，经中共安徽省委批准，安徽省纪委对合肥市委原副书记、原市长张庆军严重违纪问题进行了立案审查。,经查，张庆军在组织谈话函询时不如实说明问题；违规收受礼金；为亲友经营活动谋取利益；利用职务上的便利谋取私利，其行为构成严重违纪。经中共安徽省纪委常委会议审议并报安徽省委批准，决定给予张庆军开除党籍处分，由省监察厅报省政府批准给予其开除公职处分，收缴其违纪所得。"
http://www.ahjjjc.gov.cn/sggb/p/44434.html,厅局级干部,"安徽省政府秘书长、党组成员，办公厅党组书记 杨敬农接受组织调查",2016-12-30 15:00,安徽纪检监察网,"安徽省政府秘书长、党组成员，办公厅党组书记杨敬农涉嫌严重违纪，目前正在接受组织调查。,杨敬农简历,杨敬农，男，汉族，1966年3月生，安徽怀宁人，1986年7月参加工作，1997年3月加入中国共产党，在职研究生学历，管理学硕士学位。现任安徽省人民政府秘书长、党组成员，办公厅党组书记。,复旦大学管理科学系管理科学专业学习,省外经贸委贸管处科员、副主任科员、主任科员,省外经贸委贸管处副处长,省外经贸委（厅）贸管处处长,其间: 1999.03－1999.05参加省委党校县处级干部进修班学习）,省外经贸厅外资处处长,其间: 2001.03－2001.06参加澳大利亚TAFE学院安徽省赴澳知识经济和科技管理培训班学习；1997.09－2001.07参加中国科学技术大学管理科学与工程专业在职研究生学习，获管理学硕士学位）,安徽进出口股份有限公司董事长、党委书记,省商务厅副厅长、党组成员,芜湖市委常委,芜湖市委常委，市政府副市长、党组副书记,芜湖市委副书记，市政府副市长、党组副书记，芜湖经济技术开发区党工委第一书记,芜湖市委副书记，市政府代市长、芜湖经济技术开发区党工委第一书记,芜湖市委副书记，市政府市长、芜湖经济技术开发区党工委第一书记,芜湖市委副书记，市政府市长、党组书记，芜湖经济技术开发区党工委第一书记,芜湖市委副书记，市政府市长、党组书记,亳州市委书记，亳州芜湖现代产业园区党工委第一书记（兼）,亳州市委书记，市人大常委会主任，亳州芜湖现代产业园区党工委第一书记（兼）,省政府秘书长、党组成员，办公厅党组书记,十二届全国人大代表，中共九届省委委员。 （简历摘自安徽省政府网站）"
http://www.ahjjjc.gov.cn/sggb/p/44386.html,厅局级干部,阜阳市原副市长梁栋严重违纪被开除党籍,2017-01-23 20:21,安徽纪检监察网,"日前，经中共安徽省委批准，安徽省纪委对阜阳市原副市长梁栋严重违纪问题进行了立案审查。,经查，梁栋严重违反政治纪律，对抗组织审查；违反中央八项规定精神，多次接受可能影响公正执行公务的宴请；违反组织纪律，不按规定报告个人有关事项，在干部选拔使用中违反规定为他人谋取利益并收受财物，用人失察；违反廉洁纪律，收受礼品礼金，利用职权为亲友和身边工作人员经营活动谋取利益；违反工作纪律，滥用职权干预司法机关和纪检监察机关办案；违反生活纪律；违反国家法律法规，利用职务上的便利为他人谋取利益并收受财物，涉嫌犯罪。,梁栋身为党员领导干部，理想信念丧失，严重违反党的纪律，且十八大之后不收敛、不收手，情节严重、性质恶劣。依据《中国共产党纪律处分条例》等有关规定，经中共安徽省纪委常委会议审议并报安徽省委批准，决定给予梁栋开除党籍处分；由省监察厅报省政府批准给予其开除公职处分；收缴其违纪所得；将其涉嫌犯罪问题、线索及所涉款物移送司法机关依法处理。"
http://www.ahjjjc.gov.cn/sggb286/p/51716.html,县处级及以下干部,无为县十里墩镇党委书记曹根谊接受组织审查,2017-12-30 09:12,安徽纪检监察网,据无为县纪委消息：无为县十里墩镇党委书记曹根谊涉嫌严重违纪，目前正接受组织审查。（芜湖市纪委）
http://www.ahjjjc.gov.cn/sggb286/p/51738.html,县处级及以下干部,青阳县人大常委会原副主任罗跃进被开除公职,2018-01-02 08:24,安徽纪检监察网,"日前，经中共池州市委批准，池州市纪委对青阳县人大常委会原副主任罗跃进严重违纪问题进行了立案审查。,经查，罗跃进在任青阳县人大常委会副主任期间，严重违反廉政纪律，利用职务便利为他人谋利并索取钱款，涉嫌犯罪。,罗跃进身为领导干部，宗旨意识淡薄，法纪观念缺失，且在党的十八大后仍不收敛、不收手，其违纪行为性质恶劣、情节严重。参照《行政机关公务员处分条例》的有关规定，经中共池州市纪委常委会会议研究并报市委批准，决定给予罗跃进开除公职处分；其涉嫌犯罪问题由司法机关依法办理。（池州市纪委）"
http://www.ahjjjc.gov.cn/sggb286/p/50219.html,县处级及以下干部,安徽省质监局原办公室调研员温宗震严重违纪被开除党籍,2017-11-17 15:01,安徽纪检监察网,"日前，驻省工商局纪检组决定，对安徽省质监局原办公室调研员温宗震严重违纪问题进行了立案审查。,经查，温宗震违反国家法律法规，在担任省质监局基建办副主任和机关服务中心主任等职务期间，利用职务上便利，为他人谋取利益并收受财物，涉嫌受贿犯罪。,温宗震身为党员领导干部，理想信念丧失，党性观念和纪律意识淡薄，且在党的十八大后不收敛、不收手，情节严重，性质恶劣。依据《中国共产党纪律处分条例》等有关规定,经由省质监局机关党委研究决定，并报省直机关工委批准，决定给予温宗震开除党籍处分；其涉嫌犯罪问题、线索由司法机关依法处理。（驻省工商局纪检组）"
http://www.ahjjjc.gov.cn/sggb286/p/49806.html,县处级及以下干部,铜陵经济技术开发区管委会原副调研员彭海生严重违纪被开除党籍、开除公职,2017-11-02 09:28,安徽纪检监察网,"日前，中共铜陵市纪委对铜陵经济技术开发区管委会原副调研员彭海生严重违纪问题进行了立案审查。,经查，彭海生违反中央八项规定精神和廉洁纪律，违规领取津贴、奖金，接受礼品；违反国家法律法规，不履行或者不正确履行职责导致国有资产重大损失风险，利用职务上的便利为他人谋取利益收受款物，分别涉嫌失职渎职、受贿犯罪。,彭海生身为党员领导干部，理想信念丧失，纪律意识淡漠，十八大后不收敛、不收手、不知止，性质恶劣，情节严重。依据《中国共产党纪律处分条例》等有关规定，经市纪委常委会议研究，并报市委常委会议批准，给予彭海生开除党籍、开除公职处分；将彭海生涉嫌犯罪问题、线索和涉案款移送司法机关依法处理；收缴其违纪所得。（铜陵市纪委）"
http://www.ahjjjc.gov.cn/sggb286/p/49921.html,县处级及以下干部,灵璧县教育体育局党组成员、工会主任王辉接受组织审查,2017-11-07 10:12,安徽纪检监察网,据灵璧县纪委消息：灵璧县教育体育局党组成员、工会主任王辉涉嫌严重违纪，目前正在接受组织审查。（宿州市纪委）
http://www.ahjjjc.gov.cn/sggb286/p/49945.html,县处级及以下干部,宣城市人社局党组成员、副局长彭若晖接受组织审查,2017-11-08 09:05,安徽纪检监察网,据宣城市纪委消息：宣城市人社局党组成员、副局长彭若晖涉嫌严重违纪，目前正接受组织审查。
http://www.ahjjjc.gov.cn/sggb286/p/49946.html,县处级及以下干部,固镇县原县委常委、宣传部长陈灵被开除党籍和公职,2017-11-08 09:19,安徽纪检监察网,"日前，经中共蚌埠市委批准，蚌埠市纪委对固镇县原县委常委、宣传部长陈灵严重违纪问题进行了立案审查。,经查，陈灵严重违反政治纪律，与他人串供，对抗组织审查；违反廉洁纪律，在下属单位报销应由个人支付的费用等；违反国家法律法规规定，利用职务便利，贪污公款，收受贿赂，数额巨大，涉嫌犯罪。,陈灵身为党员领导干部，理想信念丧失，纪律意识淡漠，且在党的十八大后不收敛、不收手、不知止，性质恶劣，情节严重。依据《中国共产党纪律处分条例》等有关规定，经中共蚌埠市纪委常委会研究并报中共蚌埠市委批准，决定给予陈灵开除党籍、开除公职处分，收缴涉案违纪款；将其涉嫌犯罪问题、线索及所涉款物移送司法机关依法处理。（蚌埠市纪委）&nbsp;"
http://www.ahjjjc.gov.cn/sggb/p/44411.html,厅局级干部,安徽省司法厅党委委员、副厅长程瀚接受组织调查,2016-05-18 16:59,安徽纪检监察网,"安徽省司法厅党委委员、副厅长程瀚涉嫌严重违纪，目前正在接受组织调查。,程瀚简历,程瀚，男，汉族，1963年11月出生，安徽繁昌人，硕士研究生学历，1985年7月参加工作，1987年5月加入中国共产党。现任省司法厅副厅长、党委委员。分管厅国家司法考试处、厅公证管理处、徽元公证处、厅警务训练基地和安徽警官职业学院。,工作简历：1981年9月至1985年7月，安徽大学法律系法学专业学生；1985年7月至1997年11月，省公安厅办公室办事员、科员、副科长、科长；1997年11月至2000年5月，省公安厅办公室副主任；2000年5月至2004年12月，省公安厅一处处长（其间：2001年9月至2001年11月参加省委党校县处级干部培训班学习）；2004年12月至2007年4月，省公安厅办公室主任；2007年4月至2007年7月，合肥市公安局党委书记；2007年7月至2008年9月，合肥市公安局局长、党委书记；2008年9月至2011年4月，合肥市公安局局长（副市长级）、党委书记；2011年4月至2014年8月，合肥市政府副市长，市公安局局长、党委书记（其间：2008年9月至2011年6月参加合肥工业大学行政管理与电子政务专业学习）；2014年8月至今，省司法厅副厅长、党委委员（简历摘自安徽司法行政网）"
http://www.ahjjjc.gov.cn/sggb286/p/50010.html,县处级及以下干部,广德县人民医院原院长徐明亮接受组织审查,2017-11-10 09:28,安徽纪检监察网,据广德县纪委消息：广德县人民医院原院长徐明亮涉嫌严重违纪，目前正接受组织审查。（宣城市纪委）
http://www.ahjjjc.gov.cn/sggb286/p/50146.html,县处级及以下干部,砀山县周寨镇张屯村党总支书记、村委会主任孙君接受组织审查,2017-11-15 10:54,安徽纪检监察网,据砀山县纪委消息：砀山县周寨镇张屯村党总支书记、村委会主任孙君涉嫌严重违纪，目前正在接受组织审查。（宿州市纪委）
http://www.ahjjjc.gov.cn/sggb286/p/50171.html,县处级及以下干部,灵璧县文广新局原党组成员、副局长吴清雷被开除党籍、开除公职,2017-11-16 11:10,安徽纪检监察网,"日前，经中共灵璧县委批准，灵璧县纪委对县文广新局原党组成员、副局长吴清雷严重违纪问题进行了立案审查。,经查，吴清雷违反组织纪律，不如实报告个人有关事项；严重违反廉洁纪律，违规参与营利活动，收受管理和服务对象礼品、礼金；严重违反工作纪律，虚列开支套取项目资金，违规用个人账户存放单位资金；违反国家法律法规，非法占有公共财物，挪用公款用于营利活动，利用职务便利为他人谋取利益收受款物，涉嫌违法犯罪。,吴清雷身为党员领导干部，理想信念丧失，纪律意识淡薄，且在党的十八大后仍不收敛、不收手，情节严重、性质恶劣，严重破坏了所在单位的政治生态。依据《中国共产党纪律处分条例》等有关规定，经县纪委常委会议研究决定，并报县委批准，给予吴清雷开除党籍处分；由县监察局报县政府批准，给予其开除公职处分。收缴其违纪所得，将其涉嫌违法犯罪问题及线索移送司法机关依法处理。（宿州市纪委）&nbsp;"
http://www.ahjjjc.gov.cn/sggb286/p/49804.html,县处级及以下干部,五河县卫计委医政科科长钟兰喜被立案调查,2017-11-02 09:08,安徽纪检监察网,据五河县监察局消息：五河县卫计委医政科科长钟兰喜因涉嫌严重违纪被立案调查。（蚌埠市监察局）
http://www.ahjjjc.gov.cn/sggb286/p/48709.html,县处级及以下干部,黟县环保局原党组书记、局长程志荣严重违纪被开除党籍和公职 ,2017-09-21 09:30,安徽纪检监察网,"日前，经中共黟县县委批准，黟县纪委对黟县环境保护局原党组书记、局长程志荣严重违纪问题进行了立案审查。,经查，程志荣在任职期间，违反组织纪律，个人决定重大问题，不如实报告个人有关事项；违反廉洁纪律，收受礼品、礼金、购物卡等，违规参与营利性活动；违反群众纪律，违规向企业索取赞助费；违反工作纪律，履行党风廉政建设第一责任人不力；违反生活纪律；违反国家法律法规规定，利用职务之便，为他人谋取利益，收受他人财物，涉嫌犯罪。,程志荣身为一名党员领导干部，理想信念丧失，纪律意识淡薄，严重违反党的纪律，且在党的十八大后不收敛、不收手，性质恶劣，情节严重。依据《中国共产党纪律处分条例》和《行政机关公务员处分条例》有关规定，经县纪委审议并报县委批准，决定给予程志荣开除党籍处分；由县监察局报县政府批准，决定给予程志荣开除公职处分；收缴其违纪所得；将其涉嫌犯罪问题及线索移送司法机关依法处理。（黄山市纪委）"
http://www.ahjjjc.gov.cn/sggb286/p/48786.html,县处级及以下干部,黄山职业技术学院原党委委员、副院长洪岩辉严重违纪被开除党籍和公职,2017-09-25 08:29,安徽纪检监察网,"日前，经中共黄山市委批准，黄山市纪委对黄山职业技术学院原党委委员、副院长洪岩辉严重违纪问题进行了立案审查。,经查，洪岩辉在任职期间，违反中央八项规定精神，收受礼品礼金；违反组织纪律，未如实向组织报告领导干部个人有关事项；违反廉洁纪律，收受管理服务对象礼品礼金；严重违反国家法律法规规定，利用职务之便，收受他人所送现金，为他人谋取利益，数额较大，涉嫌犯罪。,洪岩辉身为党员领导干部，理想信念丧失，纪律意识淡薄，其行为已构成严重违纪，涉嫌违法犯罪，且在党的十八大后不收敛、不收手，性质恶劣，情节严重。依据《中国共产党纪律处分条例》《中华人民共和国行政监察法》和《事业单位工作人员处分暂行规定》有关规定，经中共黄山市纪委常委会研究并报市委批准，决定给予洪岩辉开除党籍处分；经黄山市监察局局长办公会研究并报市政府批准，给予其开除公职处分；收缴其违纪所得；将其涉嫌犯罪问题、线索及所涉款物移送司法机关依法处理。（黄山市纪委）"
http://www.ahjjjc.gov.cn/sggb286/p/48915.html,县处级及以下干部,黄山徽州区水利局原党组书记、局长谢光明严重违纪被开除党籍和公职,2017-09-29 10:42,安徽纪检监察网,"日前，经中共徽州区委批准，徽州区纪委对徽州区水利局原党组书记、局长谢光明严重违纪问题进行了立案审查。,经查，谢光明违反政治纪律，与他人串供、伪造证据，订立攻守同盟，对抗组织审查；违反中央八项规定精神，收受他人礼品礼金，违规公款吃喝送礼；违反组织纪律，在组织进行函询时不如实说明问题；违反廉洁纪律，收受管理服务对象财物，违规从事营利活动；违反工作纪律，履行党风廉政建设责任不力。虚报项目套取资金，利用职务上的便利为他人谋取利益并索取、收受财物，数额巨大，涉嫌犯罪。,谢光明身为党员领导干部，理想信念丧失，毫无纪律规矩意识，公私不分，搞权钱交易，且在党的十八大后不收敛、不收手，性质恶劣、情节严重。依据《中国共产党纪律处分条例》等有关规定，经区纪委常委会会议研究并报区委批准，决定给予谢光明开除党籍处分；经区监察局局长办公会议研究并报区政府批准，给予其开除公职处分；终止其区第六次党代会代表资格；收缴其违纪所得；将其涉嫌犯罪问题、线索及所涉款物移送司法机关依法处理。（黄山市纪委）"
http://www.ahjjjc.gov.cn/sggb286/p/49270.html,县处级及以下干部,蚌埠淮上区沫河口市场监督管理所原所长王羽被开除党籍、开除公职,2017-10-13 09:32,安徽纪检监察网,"日前，淮上区纪委对沫河口市场监督管理所原所长王羽严重违纪问题进行了立案审查。,经查，王羽利用职务上的便利为他人谋取利益并收受财物，数额较大，涉嫌犯罪。,王羽身为党员领导干部，理想信念丧失，纪律意识淡薄，其行为已构成严重违纪，涉嫌违法犯罪，且在党的十八大后不收敛、不收手，情节严重。依据《中国共产党纪律处分条例》等有关规定，经中共蚌埠市淮上区纪委常委会研究决定，给予王羽开除党籍处分；经区监察局局长办公会议研究决定，给予王羽开除公职处分。司法机关已依法追究其刑事责任。（蚌埠市纪委）"
http://www.ahjjjc.gov.cn/sggb286/p/49345.html,县处级及以下干部,五河县人民法院执行局局长、专职审判委员会委员曹沛专严重违纪被开除党籍,2017-10-17 09:03,安徽纪检监察网,"日前，经中共五河县委批准，五河县纪委对五河县人民法院执行局局长、专职审判委员会委员曹沛专严重违纪问题进行了立案审查。,经查，曹沛专违反中央八项规定精神，利用执行公务之便，接受案件申请执行人安排旅游；违反生活纪律，与他人发生不正当性关系，接受异性陪侍；违规从事营利活动；利用职务便利，收受他人财物，数额巨大，涉嫌犯罪。另有较大数额的收受他人贿赂无法说明来源。,曹沛专身为党员领导干部，理想信念丧失，宗旨意识淡漠，任性用权，搞权钱交易、权色交易，在党的十八大后不收敛、不收手，特别是在省委巡视组巡视期间仍不收手，性质恶劣、情节严重。依据《中国共产党纪律处分条例》等有关规定，经县纪委常委会会议研究并报县委批准，决定给予曹沛专开除党籍处分；收缴其违纪所得；将其涉嫌犯罪问题、线索及所涉款物移送司法机关依法处理。（蚌埠市纪委）"
http://www.ahjjjc.gov.cn/sggb286/p/49585.html,县处级及以下干部,铜陵市郊区“二矿一公司”专项管理办公室原党工委书记、主任程银海被开除党籍、开除公职,2017-10-25 13:10,安徽纪检监察网,"日前，经中共铜陵市郊区区委批准，郊区纪委对“二矿一公司”专项管理办公室原党工委书记、主任程银海严重违纪问题进行了立案审查。,经查，程银海违反政治纪律，与他人串供，对抗组织审查；违反中央八项规定精神和廉洁纪律，违规收受礼品礼金和领取通讯费补贴；违反群众纪律，在申请低保项目过程中优亲厚友；违反工作纪律，不履行全面从严治党主体责任；违反国家法律法规规定，利用职务上的便利，收受他人财物，虚报冒领本单位财政资金，违反财经纪律私设“小金库”，擅自决定将政府资金挪借他人使用。其中利用职务上的便利，收受他人财物，将政府资金挪借他人使用，涉嫌犯罪。,程银海身为党员领导干部，理想信念丧失，纪律意识淡漠，党的十八大后不收敛、不收手、不知止，性质恶劣，情节严重。依据《中国共产党章程》《中国共产党纪律处分条例》等有关规定，经郊区区委常委会议审议决定，给予程银海开除党籍、开除公职处分；将其涉嫌犯罪问题线索移送司法机关依法处理；对于其担任市、区人大代表职务，按规定程序依法予以罢免或责令其辞去人大代表职务；收缴其违纪所得。鉴于程银海系郊区区委委员，给予其开除党籍处分，经市纪委审议并报市委批准，待郊区区委召开全委会时予以追认。（铜陵市纪委）"
http://www.ahjjjc.gov.cn/sggb286/p/49743.html,县处级及以下干部,青阳县国税局税源管理二科科长、木镇国税分局副局长（主持工作）陈学文接受组织审查,2017-10-31 15:52,安徽纪检监察网,据青阳县纪委消息：青阳县国税局税源管理二科科长、木镇国税分局副局长（主持工作）陈学文涉嫌严重违纪，目前正在接受组织审查。（池州市纪委）&nbsp;
http://www.ahjjjc.gov.cn/sggb286/p/48674.html,县处级及以下干部,祁门县经信委原党委书记、主任黄五金严重违纪被开除党籍和公职,2017-09-19 15:30,安徽纪检监察网,"日前，经中共黄山市委批准，黄山市纪委对祁门县经信委原党委书记、主任黄五金严重违纪问题进行了立案审查。,经查，黄五金在任职期间，违反中央“八项规定”精神，违规公款吃喝和发放礼品；违反组织纪律，未如实向组织报告领导干部个人有关事项；违反廉洁纪律，违规从事营利活动并获利；违反生活纪律；严重违反国家法律法规规定，利用职务之便，为他人谋取利益，收受他人财物，虚列开支套取项目资金并个人占有，涉嫌犯罪。,黄五金身为一名党员领导干部，理想信念丧失，纪律意识淡薄，肆意权钱交易，涉嫌违法犯罪，且在党的十八大后不收敛、不收手，性质恶劣，情节严重。依据《中国共产党纪律处分条例》和《行政机关公务员处分条例》有关规定，经中共黄山市纪委常委会和黄山市监察局局长办公会研究决定，给予黄五金开除党籍和公职的处分;收缴其违纪所得;将其涉嫌犯罪问题、线索及所涉款物移送司法机关依法处理。（黄山市纪委）"
http://www.ahjjjc.gov.cn/sggb286/p/48378.html,县处级及以下干部,安徽省计量科学研究院原党委书记陈镇严重违纪被开除党籍,2017-09-05 09:34,安徽纪检监察网,"日前，驻省工商局纪检组决定，对安徽省计量科学研究院原党委书记陈镇严重违纪问题进行了立案审查。,经查，陈镇违反国家法律法规，利用职务上便利，为他人谋取利益并收受财物，涉嫌受贿犯罪。,陈镇身为党员领导干部，理想信念丧失，党员意识淡薄，违反国家法律法规，情节严重，性质恶劣。依据《中国共产党纪律处分条例》等有关规定,经由省质监局机关党委研究决定，并报省直机关工委批准，决定给予陈镇开除党籍处分；其涉嫌犯罪问题、线索由司法机关依法处理。（驻省工商局纪检组）"
http://www.ahjjjc.gov.cn/sggb286/p/48396.html,县处级及以下干部,宁国市原人大常委会副主任余平严重违纪被开除党籍、开除公职,2017-09-06 08:45,安徽纪检监察网,"日前，经中共宣城市委批准，宣城市纪委对宁国市原人大常委会副主任余平严重违纪问题进行了立案审查。,经查，余平违反组织纪律，未如实报告个人有关事项；违反廉洁纪律，收受礼金，在企业投资入股；违反工作纪律，履行全面从严治党主体责任不力；违反国家法律法规规定，利用职务之便为他人谋取利益收受财物，坐支并超额使用存款协定利息。,余平身为党员领导干部，丧失理想信念，党纪意识淡薄，严重违反党的纪律，且在党的十八大后不收敛、不收手，其行为性质恶劣、情节严重。依据《中国共产党纪律处分条例》、《中华人民共和国公务员法》等有关规定，经中共宣城市纪委常委会会议研究并报中共宣城市委常委会会议批准，决定给予余平开除党籍、开除公职处分；收缴其违纪所得；将其涉嫌违法犯罪问题、线索及所涉款物移送司法机关依法处理。（宣城市纪委）"
http://www.ahjjjc.gov.cn/sggb286/p/48419.html,县处级及以下干部,蚌埠市原卫生局副局长李杭建严重违纪被开除党籍、开除公职,2017-09-07 08:40,安徽纪检监察网,"日前，经蚌埠市委批准，蚌埠市纪委对蚌埠市原卫生局副局长李杭建严重违纪问题进行了立案审查。,经查，李杭建违反政治纪律，与他人串供，对抗组织审查；违反廉洁纪律，违规从事营利性活动并获取利润；违反国家法律法规，收受他人贿赂，数额巨大。,李杭建身为党员领导干部，违反政治纪律、廉洁纪律，违反国家法律法规，且在党的十八大以后不收敛不收手，情节恶劣，其行为构成严重违纪并涉嫌犯罪。根据《中国共产党纪律处分条例》等有关规定，市纪委常委会研究并经市委常委会批准，给予李杭建开除党籍处分；市监察局局长办公会议研究并经市政府批准，给予李杭建开除公职处分；收缴其违纪所得；将其涉嫌犯罪问题、犯罪线索及所涉款物移送司法机关依法处理。（蚌埠市纪委）&nbsp;"
http://www.ahjjjc.gov.cn/sggb286/p/48466.html,县处级及以下干部,宁国市原市委常委、常务副市长刘发明严重违纪被开除党籍、开除公职,2017-09-08 14:38,安徽纪检监察网,"日前，经中共宣城市委批准，宣城市纪委对宁国市原市委常委、常务副市长刘发明严重违纪问题进行了立案审查。,经查，刘发明严重违反廉洁纪律，收受他人礼金，违规从事营利活动；违反生活纪律，与他人发生不正当性关系；违反国家法律法规规定，利用职务便利，为他人谋取利益，收受巨额财物，长期参与赌博,涉嫌犯罪。,刘发明身为党员领导干部，理想信念丧失，毫无法纪观念，政商关系“亲清不分”，肆意权钱交易，贪图奢靡享乐，涉嫌违法犯罪，且在党的十八大后不收敛、不收手，其行为性质恶劣、情节严重。依据《中国共产党纪律处分条例》、《行政机关公务员处分条例》等有关规定，经中共宣城市纪委常委会会议研究并报中共宣城市委常委会会议批准，决定给予刘发明开除党籍处分；经宣城市监察局局长办公会会议讨论决定报宣城市政府常务会议批准，给予刘发明开除公职处分；收缴其违纪所得；将其涉嫌违法犯罪问题、线索及所涉款物移送司法机关依法处理。（宣城市纪委）"
http://www.ahjjjc.gov.cn/sggb286/p/48502.html,县处级及以下干部,宁国市原副市长胡琳娟被开除公职,2017-09-11 08:26,安徽纪检监察网,"日前，经中共宣城市委同意，宣城市监察局对宁国市原副市长胡琳娟严重违纪问题进行了立案审查。,经查，胡琳娟严重违反政治纪律，对抗组织审查；违反组织纪律，不按规定报告个人有关事项；违反廉洁纪律，收受他人礼金；违反国家法律法规规定，利用职权为他人谋取利益收受钱物，涉嫌犯罪。,胡琳娟身为领导干部，理想信念丧失，纪律意识淡薄，私利贪欲膨胀，且在党的十八大后仍不收敛、不收手，其行为性质恶劣、情节严重。依据《行政机关公务员处分条例》有关规定，经宣城市监察局局长办公会会议讨论决定报宣城市政府常务会议批准，给予胡琳娟开除公职处分；收缴其违纪所得；将其涉嫌违法犯罪问题、线索及所涉款物移送司法机关依法处理。（宣城市监察局）"
http://www.ahjjjc.gov.cn/sggb286/p/48511.html,县处级及以下干部,凤阳县政协人口资源环境委员会主任姚广德被开除党籍、开除公职,2017-09-11 10:59,安徽纪检监察网,"日前，经中共凤阳县委批准，中共凤阳县纪委对凤阳县政协人口资源环境委员会主任姚广德严重违纪问题进行了立案审查。,经查，姚广德严重违反国家法律法规，利用职务上的便利，为他人谋取利益，收受他人财物，数额巨大。,姚广德身为党员领导干部，理想信念丧失，纪律底线失守，严重违反党的纪律，其行为已涉嫌犯罪。依据《中国共产党纪律处分条例》等有关规定，经中共凤阳县纪委常委会议研究并报中共凤阳县委批准，决定给予姚广德开除党籍、开除公职处分，并由县政协按程序依法撤销其政协相关职务；收缴其违纪所得；将其涉嫌犯罪问题及线索移送司法机关依法处理。（滁州市纪委） &nbsp;"
http://www.ahjjjc.gov.cn/sggb286/p/48528.html,县处级及以下干部,蚌埠市禹会区政府原副区长力卫阳严重违纪被开除党籍、开除公职,2017-09-12 08:31,安徽纪检监察网,"日前，经蚌埠市委批准，蚌埠市纪委对蚌埠市禹会区政府原副区长力卫阳严重违纪问题进行了立案审查。,经查，力卫阳酒后驾驶机动车发生交通事故，经司法鉴定，属于醉酒驾驶机动车，涉嫌危险驾驶罪。,力卫阳身为党员领导干部，违反国家法律法规规定，醉酒驾驶机动车，其行为构成严重违纪并涉嫌犯罪。根据《中国共产党纪律处分条例》等有关规定，市纪委常委会研究并经市委常委会批准，给予力卫阳开除党籍处分；市监察局局长办公会议研究并经市政府批准，给予力卫阳开除公职处分。蚌埠市蚌山区法院依法追究力卫阳刑事责任。（蚌埠市纪委）"
http://www.ahjjjc.gov.cn/sggb286/p/48334.html,县处级及以下干部,广德县原人大副主任王志良严重违纪被开除党籍,2017-09-04 08:19,安徽纪检监察网,"日前，经中共宣城市委批准，宣城市纪委对广德县原人大副主任王志良严重违纪问题进行了立案审查。,经查，王志良严重违反廉洁纪律，利用职务影响不断扩大其父母墓地范围，造成不良影响；违反生活纪律，与他人发生不正当性关系；违反国家法律法规规定，利用职务之便为他人谋取利益收受现金，假借他人名义购买集体土地并违规改变土地性质非法占有不当补偿，不正确行使职权给国家造成重大财产损失，涉嫌犯罪。,王志良身为党员领导干部，理想信念丧失，党纪法规意识淡薄，借公权之名谋私利之心，严重违反党的纪律，并涉嫌违法犯罪，且在党的十八大后不收敛、不收手，其行为性质恶劣、情节严重。依据《中国共产党纪律处分条例》、《关于公务员纪律惩戒有关问题的通知》等有关规定，经中共宣城市纪委常委会会议研究并报中共宣城市委常委会会议批准，决定给予王志良开除党籍处分，取消其退休待遇；收缴其违纪所得；将其涉嫌违法犯罪问题、线索及所涉款物移送司法机关依法处理。（宣城市纪委）"
http://www.ahjjjc.gov.cn/sggb286/p/48008.html,县处级及以下干部,泗县民政局殡葬管理所原所长彭增勇受到开除党籍、开除处分 ,2017-08-17 10:44,安徽纪检监察网,"日前，中共泗县纪委对泗县民政局殡葬管理所原所长彭增勇严重违纪问题进行了立案审查。,经查，彭增勇违反政治纪律，对抗组织审查；违反群众纪律，乱收费；违反国家法律法规规定，利用职务上的便利为他人谋取利益，收受财物，非法占有公款。,彭增勇身为中共党员、殡葬管理所所长，理想信念丧失，党员意识淡薄，严重违反政治纪律、群众纪律和国家法律法规规定，且在党的十八大后仍不收敛、不收手，其行为情节严重、性质恶劣。依据《中国共产党纪律处分条例》等有关规定，经中共泗县纪委常委会研究决定，给予彭增勇开除党籍处分；经泗县民政局党组研究决定，给予彭增勇开除处分；收缴其违纪所得，将其涉嫌犯罪问题及线索移送司法机关依法处理。（宿州市纪委） &nbsp;"
http://www.ahjjjc.gov.cn/sggb286/p/48028.html,县处级及以下干部,怀远县徐圩乡白湖村原党支部书记白云新被开除党籍,2017-08-18 15:30,安徽纪检监察网,"日前，怀远县纪委对徐圩乡白湖村原党支部书记白云新严重违纪问题进行了立案审查。,经查，白云新违反群众纪律，违规处置集体资产；违反国家法律法规，伙同他人骗取国家退耕还林补助资金，共同贪污，涉嫌犯罪。,白云新身为白湖村党总支书记，违规处置集体资产，利用职务上的便利，骗取国家退耕还林补助资金，其行为已构成严重违纪。依据《中国共产党纪律处分条例》等有关规定，经县纪委常委会议研究决定，给予白云新开除党籍处分，收缴其违纪所得，将其涉嫌犯罪问题及线索移送司法机关依法处理。 (蚌埠市纪委)"
http://www.ahjjjc.gov.cn/sggb286/p/48078.html,县处级及以下干部,灵璧县公共资源交易中心原主任王雨辰被开除党籍、开除公职,2017-08-22 09:46,安徽纪检监察网,"日前，经中共灵璧县委批准，灵璧县纪委对县公共资源交易中心原主任王雨辰严重违纪问题进行了立案审查。,经查，王雨辰违反组织纪律，不按规定如实报告个人有关事项；严重违反廉洁纪律，违规从事营利活动，收受服务对象及单位职工所送的礼品礼金；严重违反工作纪律，滥用职权，利用职务便利为他人取得企业资质参与竞标活动及工程施工等方面提供帮助；违反国家法律法规，在岗位调整、职务晋升中多次向他人行贿，利用职务影响以合作开办公司的名义，为他人谋取利益并收受财物，涉嫌违法犯罪并造成恶劣影响。,王雨辰身为党员领导干部，毫无党性观念和纪律意识，理想信念丧失，政商关系“亲清不分”，既想当官、又想发财，严重违反党的纪律和国家法律法规，且在党的十八大后仍不收敛、不收手，情节严重、性质恶劣，严重损害了党的利益和形象，破坏了所在单位政治生态。依据《中国共产党纪律处分条例》等有关规定，经县纪委常委会议研究决定，并报县委批准，给予王雨辰开除党籍处分；由县监察局报县政府批准，给予其开除公职处分。收缴其违纪所得，将其涉嫌违法犯罪问题及线索移送司法机关依法处理。（宿州市纪委） &nbsp;"
http://www.ahjjjc.gov.cn/sggb286/p/48093.html,县处级及以下干部,阜阳市人防办副主任王国峰严重违纪被开除党籍,2017-08-22 16:26,安徽纪检监察网,"日前，,经中共阜阳市委批准，,阜阳市纪委对市人防办副主任王国峰严重违纪问题进行了立案审查。,经查，王国峰违反中央八项规定精神，违规接受吃请；且在违规接受吃请后，违反国家法律法规规定，醉酒驾驶车辆。,王国峰身为党员领导干部，本应以身作则，模范遵纪守法，但其党纪意识和法律意识淡薄，顶风违纪，情节严重。依据《中国共产党纪律处分条例》等有关规定，经中共阜阳市纪委常委会议研究并报中共阜阳市委批准，决定给予王国峰开除党籍处分。（阜阳市纪委）"
http://www.ahjjjc.gov.cn/sggb286/p/48098.html,县处级及以下干部,"阜合产业园区管委会原党工委委员、副主任 张振严重违纪被开除党籍",2017-08-23 08:55,安徽纪检监察网,"日前，经中共阜阳市委批准，阜阳市纪委对阜合产业园区管委会原党工委委员、副主任张振严重违纪问题进行了立案审查。,经查，张振违反政治纪律，对抗组织审查；违反中央八项规定精神，公款吃喝、违规使用公务用车；违反组织纪律，不按规定报告个人有关事项，利用职务上的便利在干部选拔任用中为他人谋取利益，并收受财物；违反廉洁纪律，侵占公共财物，将应由个人支付的费用在下属单位报销，违规经商办企业。违反国家法律法规规定，利用职务之便收受、索取他人财物，并为他人谋取利益，数额特别巨大，涉嫌犯罪。,张振身为党员领导干部，理念信念丧失，党纪意识和法律意识淡薄，严重违反党的纪律和国家法律法规规定，且在十八大后仍不收敛、不收手，其行为性质恶劣、情节严重。依据《中国共产党纪律处分条例》等有关规定，经中共阜阳市纪委常委会议研究并报中共阜阳市委批准，决定给予张振开除党籍处分；收缴其违纪所得；将其涉嫌违法犯罪问题、线索及所涉款物移送司法机关依法处理。（阜阳市纪委）"
http://www.ahjjjc.gov.cn/sggb286/p/48197.html,县处级及以下干部,安徽省特种设备检测院原党委书记沈沆严重违纪被开除党籍 ,2017-08-29 08:24,安徽纪检监察网,"日前，驻省工商局纪检组决定，对安徽省特种设备检测院原党委书记沈沆严重违纪问题进行了立案审查。,经查，沈沆违反国家法律法规，利用职务上便利，为他人谋取利益并收受财物，涉嫌受贿犯罪。,沈沆身为党员领导干部，理想信念丧失，纪律意识淡漠，十八大后不收敛、不收手，情节严重，性质恶劣。依据《中国共产党纪律处分条例》等有关规定,经由省质监局机关党委研究决定，并报省直机关工委批准，决定给予沈沆开除党籍处分；其涉嫌犯罪问题、线索由司法机关依法处理。（驻省工商局纪检组）"
http://www.ahjjjc.gov.cn/sggb286/p/48223.html,县处级及以下干部,泗县人民法院原办公室主任李屹被开除党籍、开除公职,2017-08-30 10:51,安徽纪检监察网,"日前，经中共泗县县委批准，泗县纪委对泗县人民法院原办公室主任李屹严重违纪问题进行了立案审查。,经查，李屹违反违反中央八项规定精神，用虚假发票冲抵烟酒、土特产、餐饮等费用，违规收受他人礼金、购物卡；违反国家法律法规规定，虚开发票套取公款支付应由个人支付的费用，用公款购买加油卡供个人使用。其中，李屹利用职务之便，非法占有公共财物，已涉嫌犯罪。,李屹身为中共党员、司法工作人员，理想信念丧失，党员意识淡薄，严重违反中央八项规定精神和国家法律法规规定，且十八大后仍不收敛、不收手。其行为性质恶劣、情节严重。依据《中国共产党纪律处分条例》等有关规定，经中共泗县纪委常委会议研究决定，并报县委批准，给予李屹开除党籍处分；经泗县人民法院院长办公会议研究，给予李屹开除公职处分；收缴其违纪所得；将其涉嫌犯罪问题及线索移送司法机关依法处理。（宿州市纪委）&nbsp;"
http://www.ahjjjc.gov.cn/sggb286/p/48002.html,县处级及以下干部,滁州市地税局原党组书记、局长徐春雷严重违纪被开除党籍,2017-08-17 08:54,安徽纪检监察网,"日前，经中共滁州市委批准，滁州市纪委对滁州市地税局原党组书记、局长徐春雷严重违纪问题进行了立案审查。,经查，徐春雷违反政治纪律，与他人串供，对抗组织审查；违反组织纪律，在接受组织谈话询问时不如实向组织说明问题；违反廉洁纪律，收受礼金，在职和退休后违规从事营利活动，利用职务上的影响将本应由其子支付的费用在其他单位报销；利用职务上的便利为他人谋取利益并收受财物，涉嫌受贿犯罪。,徐春雷身为党员领导干部，理想信念丧失，毫无党性观念和纪律意识，长期“亦官亦商”，既想当官、又想发财，对党不忠诚、不老实，严重违反党的纪律，并涉嫌违法犯罪，且在党的十八大后仍不收敛、不收手，性质恶劣、情节严重。依据《中国共产党纪律处分条例》等有关规定，经中共滁州市纪委常委会会议研究并报中共滁州市委批准，决定给予徐春雷开除党籍处分，建议安徽省地税局按规定取消其退休待遇；收缴其违纪所得；将其涉嫌犯罪问题、线索及所涉款物移送司法机关依法处理。（滁州市纪委）"
http://www.ahjjjc.gov.cn/sggb286/p/47724.html,县处级及以下干部,灵璧县文化广播电视新闻出版局党组成员、副局长吴清雷接受组织审查,2017-08-03 16:14,安徽纪检监察网,据灵璧县纪委消息：灵璧县文化广播电视新闻出版局党组成员、副局长吴清雷涉嫌严重违纪，目前正在接受组织审查。（宿州市纪委）
http://www.ahjjjc.gov.cn/sggb286/p/47740.html,县处级及以下干部,五河县人民法院执行局局长曹沛专接受组织审查,2017-08-04 09:00,安徽纪检监察网,据五河县纪委消息：五河县人民法院执行局局长曹沛专涉嫌严重违纪，目前正在接受组织审查。（蚌埠市纪委）
http://www.ahjjjc.gov.cn/sggb286/p/47783.html,县处级及以下干部,无为县严桥镇辉勇村原村主任任俊春被开除党籍,2017-08-07 09:48,安徽纪检监察网,"日前，无为县纪委对严桥镇辉勇村原村主任任俊春严重违纪问题进行了立案审查。,经查，任俊春严重违反中央八项规定精神，公款大吃大喝;违反组织纪律，在组织对其谈话时，不如实说明问题;违反廉洁纪律，利用职务之便，为他人谋取利益，多次收受礼金，且在党的十八大后不收敛、不收手；违反计划生育政策;违规设立“小金库”；利用职务便利，收受他人财物，私分村集体资金，涉嫌犯罪。,任俊春身为中共党员、村主任，利用村级事务管理之便，雁过拔毛，非法敛财，严重违反党的纪律，性质恶劣、情节严重。依据《中国共产党纪律处分条例》等有关规定，经县纪委常委会会议研究，决定给予任俊春开除党籍处分，涉嫌犯罪问题、线索及所涉款物移送司法机关依法处理。（芜湖市纪委）"
http://www.ahjjjc.gov.cn/sggb286/p/47795.html,县处级及以下干部,泗县人民法院民二庭原庭长李博被开除党籍、开除公职,2017-08-07 15:35,安徽纪检监察网,"日前，经泗县县委批准，泗县纪委对泗县人民法院民二庭庭长李博严重违纪问题进行了立案审查。,经查，李博违反政治纪律，对抗组织审查；违反组织纪律，不如实报告个人有关事项；违反廉洁纪律，违规接受案件当事人宴请和安排旅游；违反群众纪律，在执行案件时违规收取当事人费用或让当事人承担费用；违反国家法律法规规定，利用职务之便为他人谋取利益，收受他人财物，不能正确履行职责，损害了案件当事人的合法利益、破坏了司法的公信力，造成恶劣影响。,李博身为中共党员、基层法院法官，理想信念丧失，党员意识淡薄，严重违反政治纪律、组织纪律、廉洁纪律、群众纪律和国家法律法规规定，且在十八大后仍不收敛、不收手，其行为性质恶劣、情节严重。依据《中国共产党纪律处分条例》等有关规定，经县纪委常委会研究决定，并报县委批准，给予李博开除党籍处分；经县人民法院院长办公会议研究，决定给予李博开除公职处分；收缴其违纪所得，将其涉嫌犯罪问题及线索移送司法机关依法处理。（宿州市纪委） &nbsp;"
http://www.ahjjjc.gov.cn/sggb286/p/47885.html,县处级及以下干部,凤阳县政协人口资源环境委员会主任姚广德接受组织审查,2017-08-11 10:57,安徽纪检监察网,据凤阳县纪委消息：凤阳县政协人口资源环境委员会主任姚广德涉嫌严重违纪，目前正在接受组织审查。（滁州市纪委）
http://www.ahjjjc.gov.cn/sggb286/p/47934.html,县处级及以下干部,砀山县公安局原党委副书记、政委刚领严重违纪被开除党籍,2017-08-14 10:28,安徽纪检监察网,"日前，经中共砀山县委批准，砀山县纪委对公安局原党委副书记、政委刚领严重违纪问题进行了立案审查。,经查，刚领严重违反廉洁纪律，利用职权或职务上的影响，以象征性的支付钱款方式侵占他人财物、将本人应当由个人支付的费用由他人支付；违反有关规定从事营利活动。违反国家法律法规规定，利用职务便利，非法占有公共财物，非法吸收公众存款。,刚领身为党员干部，毫无理想信念，既想当官，又想发财，严重违反党的纪律，并涉嫌违法犯罪，且在党的十八大后不收手、不收敛，性质恶劣，情节严重。依据《中国共产党纪律处分条例》等有关规定，经县纪委常委会研究，并经县委批准，决定给予刚领开除党籍处分；将其涉嫌犯罪问题、犯罪线索移送司法机关依法处理。（宿州市纪委） &nbsp;"
http://www.ahjjjc.gov.cn/sggb286/p/47952.html,县处级及以下干部,灵璧县朱集乡潼山村党总支原书记马仁涛被开除党籍,2017-08-15 09:24,安徽纪检监察网,"日前，灵璧县纪委对朱集乡潼山村党总支原书记马仁涛严重违纪问题进行了立案审查。,经查，马仁涛违反政治纪律，对抗组织审查；违反工作纪律，坐收坐支村集体土地征地补偿款，在危房改造项目申报工作中把关不严，致使部分村干部优亲厚友，侵害群众利益；违反国家法律法规规定，截留侵占危房改造资金和村民铺路筹资款，涉嫌犯罪。,马仁涛身为中共党员、村党组织主要负责人，严重违反党的纪律和国家法律法规，且在党的十八大后仍不收敛、不收手，情节严重、性质恶劣。依据《中国共产党纪律处分条例》等有关规定，经县纪委常委会议研究决定，给予马仁涛开除党籍处分；收缴其违纪所得，将其涉嫌违法犯罪问题移送司法机关依法处理。（宿州市纪委）"
http://www.ahjjjc.gov.cn/sggb286/p/47664.html,县处级及以下干部,明光市林业局党组成员、副局长阚绪飞接受组织审查,2017-07-31 15:51,安徽纪检监察网,据明光市纪委消息：明光市林业局党组成员、副局长阚绪飞涉嫌严重违纪，目前正在接受组织审查。（滁州市纪委）
http://www.ahjjjc.gov.cn/sggb286/p/47381.html,县处级及以下干部,蚌埠市交通局总工程师杨杰被立案调查,2017-07-19 08:35,安徽纪检监察网,据蚌埠市监察局消息：蚌埠市交通局总工程师杨杰因涉嫌严重违纪被立案调查。
http://www.ahjjjc.gov.cn/sggb286/p/47398.html,县处级及以下干部,黟县环境保护局党组书记、局长程志荣接受组织审查,2017-07-19 15:08,安徽纪检监察网,据黟县纪委消息：黟县环境保护局党组书记、局长程志荣涉嫌严重违纪，目前正在接受组织审查。（黄山市纪委）
http://www.ahjjjc.gov.cn/sggb286/p/47451.html,县处级及以下干部,铜陵市委组织部原副部长、市委老干部局原局长赵平严重违纪被开除党籍和公职,2017-07-21 16:28,安徽纪检监察网,"日前，经铜陵市纪委决定，对铜陵市委组织部原副部长、市委老干部局原局长赵平严重违纪问题进行了立案审查。,经查，赵平违反中央八项规定精神和廉洁纪律，收受可能影响公正执行公务的礼金、违规经商办企业、搞权色交易；违反组织纪律，不按规定报告个人有关事项；违反生活纪律，与他人保持不正当性关系；违反国家法律法规规定，利用职务上便利，“以借为名”向他人索取钱财，为他人谋取利益并收受财物，涉嫌受贿犯罪。,赵平身为党员领导干部，理想信念丧失，纪律意识淡漠，十八大后不收敛、不收手，情节严重，性质恶劣。依据《中国共产党纪律处分条例》,并参照《行政机关公务员处分条例》相关规定，经中共铜陵市纪委常委会议审议，并报铜陵市委批准，决定给予赵平开除党籍、开除公职处分；收缴其违纪所得；将其涉嫌犯罪问题、线索移送司法机关依法处理。（铜陵市纪委）"
http://www.ahjjjc.gov.cn/sggb286/p/47456.html,县处级及以下干部,枞阳报社总编朱文格违反生活纪律被开除党籍和撤职,2017-07-21 21:22,安徽纪检监察网,"日前，枞阳县纪委对枞阳报社总编朱文格违反生活纪律问题进行了立案审查。,经查，朱文格违反生活纪律，在社会上造成了不良影响。,朱文格身为枞阳报社总编、党员领导干部，严重违反党的纪律，情节严重。依据《中国共产党纪律处分条例》等有关规定，经中共枞阳县纪委常委会议研究并报中共枞阳县委批准，决定给予朱文格开除党籍处分，撤销朱文格枞阳报社总编职务。（铜陵市纪委）"
http://www.ahjjjc.gov.cn/sggb286/p/47493.html,县处级及以下干部,歙县岔口镇原党委书记潘楷大严重违纪被开除党籍、开除公职,2017-07-24 15:09,安徽纪检监察网,"日前，经歙县县委批准，歙县纪委对岔口镇原党委书记潘楷大严重违纪问题进行了立案审查。,经查，2010年至2016年，潘楷大在担任岔口镇镇长、党委书记期间，违反中央八项规定精神，违反廉洁纪律，收受礼品礼金、私车公养、公款购买土特产；违反组织纪律，不如实向组织说明问题；违反群众纪律，在政策扶持资金分配中优亲厚友；违反工作纪律，履行党风廉政建设第一责任人不力；违反生活纪律；违反国家法律法规规定，利用职务上的便利，为他人谋取利益，收受他人财物，虚列工程项目支出，套取项目资金及侵吞岔口镇政府组织收入奖励款、代征手续费，数额巨大，涉嫌犯罪。,潘楷大身为党员领导干部，理想信念丧失，党员意识淡薄，严重违反党的纪律，且党的十八大后仍不收敛、不收手，其行为性质恶劣、情节严重。依据《中国共产党纪律处分条例》等有关规定，经县纪委审议并报县委批准，决定给予潘楷大开除党籍处分；由县监察局报县政府批准，决定给予潘楷大开除公职处分；收缴其违纪所得；将其涉嫌犯罪问题及线索移送司法机关依法处理。（黄山市纪委）"
http://www.ahjjjc.gov.cn/sggb286/p/47549.html,县处级及以下干部,淮北职业技术学院培训中心主任薛大山严重违纪被开除党籍、开除公职,2017-07-26 08:55,安徽纪检监察网,"日前，经中共淮北市委批准，中共淮北市纪委对淮北职业技术学院培训中心主任薛大山违纪问题进行了立案审查。,经查，薛大山违反法律法规规定，利用职务上的便利，非法占有公共财物，涉嫌犯罪。,薛大山身为党员领导干部，理想信念丧失，严重违反党的纪律，且在党的十八大后仍不收敛、不收手，情节严重，性质恶劣。依据《中国共产党纪律处分条例》和《事业单位工作人员处分暂行规定》等有关规定，经中共淮北职业技术学院党委会议研究，决定给予薛大山开除党籍处分；经淮北职业技术学院院长办公会议研究，决定给予薛大山开除公职处分。涉嫌犯罪问题已移送司法机关依法处理。（淮北市纪委）"
http://www.ahjjjc.gov.cn/sggb286/p/47557.html,县处级及以下干部,"无为县教育党工委原工委委员、县教育局原副局长王兴民因严重违纪被""双开"" ",2017-07-26 14:57,安徽纪检监察网,"日前，经无为县委批准，无为县纪委对县教育党工委原工委委员、县教育局原副局长王兴民严重违纪问题进行了立案审查。,经查，王兴民违反政治纪律,打探县委巡察和组织调查情况，提供虚假情况，对抗组织审查；违反中央八项规定精神，多次违规接受吃请；违反组织纪律，为谋求职务晋升请托打招呼；严重违反廉洁纪律，多次收受礼品、礼金，利用职务之便和职务影响，违规为其亲属经商谋利；违反国家法律法规规定，利用职务便利，为他人谋取利益，多次索取、收受他人财物，涉嫌受贿犯罪。,王兴民身为党员领导干部，理想信念丧失，既想当官又想发财，对纪律毫无敬畏之心，经济上贪婪、道德上败坏，严重违反党的纪律，并涉嫌受贿犯罪，且在党的十八大后仍不收敛、不收手，性质恶劣、情节严重。依据《中国共产党纪律处分条例》等有关规定，经县纪委常委会会议研究并报县委批准，决定给予王兴民开除党籍处分；由县监察局报县政府批准，给予其开除公职处分；收缴其违纪所得；涉嫌犯罪问题、线索及所涉款物移送司法机关依法处理。(芜湖市纪委)"
http://www.ahjjjc.gov.cn/sggb286/p/47380.html,县处级及以下干部,太和县房产局党组书记、局长岳修杰接受组织审查,2017-07-19 08:35,安徽纪检监察网,据阜阳市纪委消息：太和县房产局党组书记、局长岳修杰涉嫌严重违纪，目前正在接受组织审查。
http://www.ahjjjc.gov.cn/sggb286/p/47012.html,县处级及以下干部,阜阳颍州区政府办公室保卫股股长吕新臣接受组织审查,2017-07-03 17:05,安徽纪检监察网,据阜阳颍州区纪委消息：阜阳颍州区政府办公室保卫股股长吕新臣涉嫌严重违纪，目前正在接受组织审查。(阜阳市纪委)
http://www.ahjjjc.gov.cn/sggb286/p/46967.html,县处级及以下干部,马鞍山师范高等专科学校经济与社会管理系主任钱结海接受组织审查,2017-06-30 17:18,安徽纪检监察网,据马鞍山市纪委消息：马鞍山师范高等专科学校经济与社会管理系主任钱结海涉嫌严重违纪，目前，正在接受组织审查。
http://www.ahjjjc.gov.cn/sggb286/p/47206.html,县处级及以下干部,黄山职业技术学院党委委员、副院长洪岩辉接受组织审查,2017-07-10 11:25,安徽纪检监察网,据黄山市纪委消息：黄山职业技术学院党委委员、副院长洪岩辉涉嫌严重违纪，目前正接受组织审查。&nbsp;&nbsp;
http://www.ahjjjc.gov.cn/sggb286/p/47210.html,县处级及以下干部,临泉县原谢集乡副乡长陈旭接受组织审查,2017-07-10 15:20,安徽纪检监察网,据临泉县纪委消息：临泉县原谢集乡副乡长陈旭涉嫌严重违纪，目前正在接受组织审查。（阜阳市纪委）
http://www.ahjjjc.gov.cn/sggb286/p/47243.html,县处级及以下干部,砀山县水务局党组成员、副局长朱治明接受组织审查,2017-07-12 08:53,安徽纪检监察网,据砀山县纪委消息：砀山县水务局党组成员、副局长朱治明涉嫌严重违纪，目前正在接受组织审查。（宿州市纪委）
http://www.ahjjjc.gov.cn/sggb286/p/47353.html,县处级及以下干部,固镇县县委常委、宣传部长陈灵接受组织审查,2017-07-18 08:43,安徽纪检监察网,据蚌埠市纪委消息：固镇县县委常委、宣传部长陈灵涉嫌严重违纪，目前正在接受组织审查。
http://www.ahjjjc.gov.cn/sggb286/p/47369.html,县处级及以下干部,来安县人民医院副院长张玉梅接受组织审查,2017-07-18 16:18,安徽纪检监察网,据来安县纪委消息：来安县人民医院副院长张玉梅涉嫌严重违纪，目前正接受组织审查。（滁州市纪委）
http://www.ahjjjc.gov.cn/sggb286/p/46902.html,县处级及以下干部,铜陵郊区专管办党工委书记、主任程银海接受组织审查,2017-06-28 17:13,安徽纪检监察网,据铜陵郊区纪委消息：铜陵市郊区专管办党工委书记、主任程银海因涉嫌严重违纪，目前正在接受组织审查。（铜陵市纪委）
http://www.ahjjjc.gov.cn/sggb286/p/46966.html,县处级及以下干部,黄山徽州区水利局党组书记、局长谢光明接受组织审查,2017-06-30 17:10,安徽纪检监察网,据黄山徽州区纪委消息：黄山徽州区水利局党组书记、局长谢光明涉嫌严重违纪，目前正接受组织审查。（黄山市纪委）
http://www.ahjjjc.gov.cn/sggb286/p/46649.html,县处级及以下干部,宿州市城管局供水服务有限公司管网运行部副部长夏清林接受组织审查,2017-06-16 15:23,安徽纪检监察网,据宿州市纪委消息：宿州市城管局供水服务有限公司管网运行部副部长夏清林涉嫌严重违纪，目前正在接受组织审查。
http://www.ahjjjc.gov.cn/sggb286/p/46745.html,县处级及以下干部,全椒县原卫生局计财股原股长梅李明接受组织审查,2017-06-21 10:57,安徽纪检监察网,据全椒县纪委消息：全椒县原卫生局计财股原股长梅李明（副科级）涉嫌严重违纪，目前正在接受组织审查。（滁州市纪委）
http://www.ahjjjc.gov.cn/sggb286/p/46796.html,县处级及以下干部,祁门县经信委党委书记、主任黄五金接受组织审查,2017-06-23 09:13,安徽纪检监察网,据黄山市纪委消息：祁门县经信委党委书记、主任黄五金涉嫌严重违纪，目前正接受组织审查。
http://www.ahjjjc.gov.cn/sggb286/p/46829.html,县处级及以下干部,滁州市地税局原党组书记、局长徐春雷接受组织审查,2017-06-26 08:37,安徽纪检监察网,"据滁州市纪委消息：滁州市地税局原党组书记、局长徐春雷涉嫌严重违纪，目前正接受组织审查。,徐春雷简历,徐春雷，男，汉族，1953年2月生，安徽萧县人，1970年7月参加工作，1984年12月入党。,1970年7月至1978年7月在滁县三八布厂工作；,1978年7月至1982年9月在安徽财贸学院财政金融专业学习；,1982年9月至1990年1月历任滁县行署经济计划委员会科员、副科长、科长；,1990年1月至1995年2月任滁州市工业局副局长；,1995年2月至1996年12月历任滁州市地税局副局长、局长;,1996年12月至2009年11月任滁州市地税局党组书记、局长;,2009年11月至2012年3月任滁州市地税局党组书记;,2012年3月至2013年2月任滁州市地税局调研员；,2013年2月退休。（滁州市纪委）"
http://www.ahjjjc.gov.cn/sggb286/p/46843.html,县处级及以下干部,青阳县蓉城镇分姚村原党支部书记、村委会主任刘启云严重违纪被开除党籍,2017-06-26 11:16,安徽纪检监察网,"日前，中共青阳县纪委对蓉城镇分姚村原党支部书记、村委会主任刘启云严重违纪问题进行了立案审查。,经查，刘启云违反中央八项规定精神，公款大吃大喝，且在党的十八大后仍不收敛、不收手；违反组织纪律，在组织谈话函询时，不如实向组织说明问题；违反廉洁纪律，利用职务之便，非法占有征地补偿款，以虚报手段骗取国家财政资金，违规设立并使用“小金库”；违反群众纪律，违规举债兴建村部，不按规定公开党务、村务；采取不正当手段低价获得水产养殖场承包经营权，造成国有资产重大损失。,依据《中国共产党纪律处分条例》等有关规定，经中共青阳县纪委常委会研究决定,给予刘启云开除党籍处分；收缴其违纪所得，将其涉嫌犯罪问题及线索移送司法机关依法处理。（池州市纪委）"
http://www.ahjjjc.gov.cn/sggb286/p/46849.html,县处级及以下干部,黄山徽州区林业局原党组成员、副局长李志明严重违纪被开除党籍,2017-06-26 16:23,安徽纪检监察网,"日前，经中共徽州区委批准，徽州区纪委对区林业局原党组成员、副局长李志明严重违纪问题进行了立案审查。,经查，李志明违反中央八项规定精神，违反廉洁纪律，收受他人礼金、购物卡；违反国家法律法规规定，利用职务上的便利为他人谋取利益并收受财物，涉嫌受贿犯罪。,李志明身为党员领导干部，理想信念丧失，纪律意识淡薄，严重违反党的纪律，且在党的十八大后不收敛、不收手，性质恶劣、情节严重。依据《中国共产党纪律处分条例》等有关规定，经区纪委常委会会议研究并报区委批准，决定给予李志明开除党籍处分；收缴其违纪所得，将其涉嫌犯罪问题及线索移送司法机关依法处理。（黄山市纪委）"
http://www.ahjjjc.gov.cn/sggb286/p/46229.html,县处级及以下干部,泗县人民法院原院长张超接受组织审查,2017-05-27 15:11,安徽纪检监察网,据宿州市纪委消息：泗县人民法院原院长张超涉嫌严重违纪，目前，正在接受组织审查。
http://www.ahjjjc.gov.cn/sggb286/p/46230.html,县处级及以下干部,祁门县住建委副主任科员胡可来接受组织审查,2017-05-27 16:35,安徽纪检监察网,据黄山市纪委消息：祁门县住建委副主任科员胡可来涉嫌严重违纪，目前正接受组织审查。
http://www.ahjjjc.gov.cn/sggb286/p/46319.html,县处级及以下干部,青阳县蓉城镇分姚村原党支部书记、村委会主任刘启云接受组织审查,2017-06-02 15:46,安徽纪检监察网,"宋体; font-size: 14px; text-indent: 28px; white-space: normal; background-color: #ffffff;"">据青阳县纪委消息：青阳县蓉城镇分姚村原党支部书记、村委会主任刘启云涉嫌严重违纪，目前正在接受组织审查。（池州市纪委）"
http://www.ahjjjc.gov.cn/sggb286/p/46356.html,县处级及以下干部,休宁县教育局电教馆馆长吴雁翔被立案调查,2017-06-05 15:08,安徽纪检监察网,据休宁县纪委消息：休宁县教育局电教馆馆长吴雁翔涉嫌严重违纪，目前被立案调查。 （黄山市纪委）
http://www.ahjjjc.gov.cn/sggb286/p/46371.html,县处级及以下干部,太和县城关镇育贤社区党总支书记洪德刚接受组织审查,2017-06-06 09:18,安徽纪检监察网,据太和县纪委消息：太和县城关镇育贤社区党总支书记洪德刚涉嫌严重违纪，目前正接受组织审查。（阜阳市纪委）
http://www.ahjjjc.gov.cn/sggb286/p/46556.html,县处级及以下干部,桐城市政协党组书记、主席徐家涛接受组织审查,2017-06-13 11:22,安徽纪检监察网,据安庆市纪委消息：桐城市政协党组书记、主席徐家涛涉嫌严重违纪，目前正在接受组织审查。
http://www.ahjjjc.gov.cn/sggb286/p/46582.html,县处级及以下干部,定远县人大常委会原副主任徐希月严重违纪被开除党籍、开除公职,2017-06-14 09:38,安徽纪检监察网,"日前，经中共滁州市委批准，滁州市纪委对定远县人大常委会原副主任徐希月严重违纪问题进行了立案审查。,经查，徐希月违反组织纪律，不报告个人有关房产情况；利用职务便利为他人谋取利益并收受财物，涉嫌受贿犯罪。,徐希月身为党员领导干部，理想信念丧失，纪律底线失守，严重违反党的纪律，且在党的十八大后仍不收敛、不收手，其行为性质恶劣、情节严重，已涉嫌违法犯罪。依据《中国共产党纪律处分条例》等有关规定，经中共滁州市纪委常委会议研究并报中共滁州市委批准，决定给予徐希月开除党籍、开除公职处分；将其涉嫌犯罪问题移送司法机关依法处理。(滁州市纪委)"
http://www.ahjjjc.gov.cn/sggb286/p/46210.html,县处级及以下干部,滁州城市职业学院总务处（保卫处）原处长曹勇严重违纪被开除党籍、开除公职 ,2017-05-26 17:30,安徽纪检监察网,"日前，经中共滁州市委批准，中共滁州市纪委对滁州城市职业学院总务处（保卫处）原处长曹勇严重违纪问题进行了立案审查。,经查，曹勇违反政治纪律，与他人串供，对抗组织审查；利用职务上的便利为他人谋取利益并收受财物，涉嫌受贿犯罪。,曹勇身为党员领导干部，理想信念丧失，纪律底线失守，严重违反党的纪律，且在党的十八大后仍不收敛、不收手，其行为性质恶劣、情节严重，已涉嫌违法犯罪。依据《中国共产党纪律处分条例》等有关规定，经中共滁州市纪委常委会议研究并报中共滁州市委批准，决定给予曹勇开除党籍、开除公职处分；将其涉嫌犯罪问题、线索移送司法机关依法处理。（滁州市纪委） &nbsp;"
http://www.ahjjjc.gov.cn/sggb286/p/46114.html,县处级及以下干部,铜陵经济技术开发区原副调研员彭海生接受组织审查,2017-05-23 14:49,安徽纪检监察网,据铜陵市纪委消息：铜陵经济技术开发区原副调研员彭海生涉嫌严重违纪，目前正在接受组织审查。
http://www.ahjjjc.gov.cn/sggb286/p/46021.html,县处级及以下干部,定远县人大常委会副主任徐希月接受组织审查,2017-05-18 14:52,安徽纪检监察网,"据滁州市纪委消息：定远县人大常委会副主任徐希月涉嫌严重违纪，目前正在接受组织审查。,徐希月简历,徐希月，男，汉族，1963年5月生，大学文化，安徽定远人，1980年12月参加工作，1983年10月加入中国共产党。,1980年12月-2007年6月，历任定远县严涧乡财粮员、副乡长、武装部长，永康镇党委委员、武装部长，七里塘乡党委副书记、乡长，九梓乡、靠山乡、青洛乡党委书记、人大主席，炉桥镇党委副书记；,2007年6月-2011年2月，任定远县炉桥镇党委副书记、镇长（副县级）；,2011年2月-2012年5月，任定远盐化工业园管委会主任；,2012年5月-2015年3月，任定远县炉桥镇党委书记、人大主席、定远盐化工业园党工委书记；,2015年3月-2015年5月，任定远县人大常委会副主任、炉桥镇党委书记、人大主席、定远盐化工业园党工委书记；,2015年5月至今，任定远县人大常委会副主任。"
http://www.ahjjjc.gov.cn/sggb286/p/46039.html,县处级及以下干部,黄山市徽州区林业局党组成员、副局长李志明接受组织审查,2017-05-19 15:43,安徽纪检监察网,"据黄山市纪委消息：徽州区林业局党组成员、副局长李志明涉嫌严重违纪，目前正接受组织审查。,李志明简历,李志明，男，汉族，1960年7月出生，安徽歙县人，1983年7月参加工作，1994年9月加入中国共产党，大学学历。历任休宁县五城乡副乡长、西园林场山斗种子园主任；徽州区林业局营林站副站长、站长，区林业局副局长、项目办主任，区林业局党组成员、副局长、正科级干部；2014年7月至今任区林业局党组成员、副局长、主任科员。"
http://www.ahjjjc.gov.cn/sggb286/p/46040.html,县处级及以下干部,祁门县金字牌镇纪委副书记、财政所所长陈松开接受组织审查,2017-05-19 15:45,安徽纪检监察网,"据黄山市纪委消息：祁门县金字牌镇纪委副书记、财政所所长陈松开涉嫌严重违纪，目前正接受组织审查。,陈松开简历,陈松开，男，汉族，1961年12月出生，安徽祁门人，1995年6月入党，1984年4月参加工作，省委党校在职大学学历。先后任闪里镇、塔坊乡财干，1999年7月任凫峰乡财政所所长，2005年7月至2016年3月任金字牌镇财政所所长，2016年3月至今任金字牌镇纪委副书记、财政所所长。"
http://www.ahjjjc.gov.cn/sggb286/p/46042.html,县处级及以下干部,歙县北岸镇北岸村党总支委员吴秋生严重违纪被开除党籍,2017-05-19 15:49,安徽纪检监察网,"日前，经歙县纪委常委会批准，对北岸镇北岸村党总支委员吴秋生严重违纪问题进行立案审查。,经查，吴秋生违反中央八项规定精神，向国家工作人员赠送礼品、礼金；违反国家法律法规规定，为谋取不正当利益，未经许可擅自从河道内采挖景观石，向国家工作人员送现金，涉嫌行贿犯罪。,吴秋生身为一名中共党员，纪律意识淡薄，严重违反党的纪律，违反国家法律法规规定，大肆采挖景观石，破坏生态环境，向国家工作人员送现金，涉嫌行贿犯罪，且在党的十八大后仍不收敛、不收手，情节严重，性质恶劣。依据《中国共产党纪律处分条例》有关规定，经县纪委常委会研究，决定给予吴秋生开除党籍处分；将其涉嫌犯罪问题移送司法机关依法处理。（黄山市纪委）"
http://www.ahjjjc.gov.cn/sggb286/p/46045.html,县处级及以下干部,芜湖市驻北京联络处原主任孙平严重违纪被开除党籍、公职,2017-05-19 16:47,安徽纪检监察网,"日前，经安徽省纪委和芜湖市委批准，芜湖市纪委对市驻北京联络处原主任孙平严重违纪问题进行立案审查。,经查，孙平严重违反政治纪律，在中央纪委11.7专案组查办安徽省原常务副省长陈树隆案件期间，孙平作为党员领导干部对党不忠诚、不老实，故意隐瞒与陈树隆有关违纪情况，对抗组织审查；与他人密谋串供，企图逃避组织审查；严重违反廉洁纪律，多次收受多人礼金；利用职务上的便利，为他人谋取利益，并收受他人巨额财物。,孙平身为党员领导干部，纪律、规矩意识淡薄，严重违反政治纪律、廉洁纪律和国家法律法规规定，且在党的十八大之后仍不收敛、不收手，依据《中国共产党纪律处分条例》等有关规定，经市纪委常委会会议研究并报市委批准，决定给予孙平开除党籍处分；由市监察局报市政府批准，给予其开除公职处分；收缴其违纪所得；涉嫌犯罪问题、线索及所涉款物移送司法机关依法处理。（芜湖市纪委）"
http://www.ahjjjc.gov.cn/sggb286/p/46095.html,县处级及以下干部,铜陵市委组织部原副部长、老干部局原局长赵平接受组织审查,2017-05-22 18:51,安徽纪检监察网,据铜陵市纪委消息：铜陵市委组织部原副部长、老干部局原局长赵平因涉嫌严重违纪，目前正在接受组织审查。
http://www.ahjjjc.gov.cn/sggb286/p/46096.html,县处级及以下干部,淮北职业技术学院培训中心主任薛大山接受组织审查,2017-05-22 18:52,安徽纪检监察网,据淮北市纪委消息：淮北职业技术学院培训中心主任薛大山涉嫌严重违纪，目前正在接受组织审查。
http://www.ahjjjc.gov.cn/sggb286/p/45874.html,县处级及以下干部,黄山黄山区发改委原党组书记、主任王家富严重违纪被开除党籍和公职,2017-05-09 08:35,安徽纪检监察网,"日前，经中共黄山区委批准，黄山区纪委对黄山区发改委原党组书记、主任王家富严重违纪问题进行立案审查。,经查，王家富严重违反组织纪律，不如实填报个人有关事项，在组织进行谈话核实有关情况时，不如实说明问题；违反廉洁纪律，收受礼金；违反生活纪律，与他人发生不正当性关系；违反国家法律法规，利用职务便利收受和索要他人财物，为他人谋取利益，涉嫌犯罪。,王家富身为党员领导干部，理想信念丧失，纪律意识淡薄，严重违反党的纪律，且在党的十八大后不收敛、不收手，情节严重，性质恶劣。依据《中国共产党纪律处分条例》等有关规定，经区纪委常委会议研究并报区委批准，决定给予王家富开除党籍、开除公职处分；收缴其违纪所得；将其涉嫌犯罪问题线索及所涉款物移送司法机关依法处理。(黄山市纪委)"
http://www.ahjjjc.gov.cn/sggb286/p/44383.html,县处级及以下干部,池州学院总务后勤管理处副处长张马宁接受组织调查,2017-03-02 09:09,安徽纪检监察网,"据池州市纪委消息：池州学院总务后勤管理处副处长张马宁涉嫌严重违纪，目前正在接受组织调查。,张马宁简历,张马宁，男，汉族，1966年5月出生，枞阳县人，大学（函授）学历，工民建专业，高级工程师，1988年7月参加工作，1999年12月加入中国共产党。历任池州师专总务处基建管理科科长，池州学院总务处基建管理科科长、总务处基建维修科科长、总务处处长助理、总务处副处长（副处）、总务后勤管理处副处长等职务。"
http://www.ahjjjc.gov.cn/sggb286/p/44382.html,县处级及以下干部,马鞍山市中医院院长章登明涉嫌严重违纪接受组织审查,2017-03-31 17:16,安徽纪检监察网,据马鞍山市纪委消息：马鞍山市中医院院长章登明涉嫌严重违纪，目前正在接受组织审查。
http://www.ahjjjc.gov.cn/sggb286/p/44376.html,县处级及以下干部,蚌埠市淮上区原人大常委会主任杜承云被开除党籍,2017-04-14 08:45,安徽纪检监察网,"据蚌埠市纪委消息：日前，经中共蚌埠市委批准，中共蚌埠市纪委对淮上区原人大常委会主任杜承云（2015年1月退休）严重违纪问题进行了立案审查。,经查，杜承云违反廉洁纪律，违规从事营利性活动；违反国家法律法规规定，利用职务便利收受他人财物并为他人谋取利益，其行为构成严重违纪并涉嫌犯罪。,杜承云身为党员领导干部，理想信念丧失，严重违反党的纪律，且在党的十八大后仍不收敛、不收手，性质恶劣、情节严重。依据《中国共产党纪律处分条例》等有关规定，经中共蚌埠市纪委常委会研究并报市委常委会批准，决定给予杜承云开除党籍处分，取消退休待遇；收缴其违纪所得；将其涉嫌犯罪问题移送司法机关依法处理。"
http://www.ahjjjc.gov.cn/sggb286/p/44378.html,县处级及以下干部,宿州市汽车运输集团有限公司党委书记、董事长安中淮接受组织审查,2017-04-19 15:45,安徽纪检监察网,"据宿州市纪委消息：宿州市汽车运输集团有限公司党委书记、董事长安中淮涉嫌严重违纪，目前，正在接受组织审查。,安中淮简历,安中淮，男，汉族，1961年1月出生，籍贯安徽太和，1979年12月参加工作，1990年3月加入中国共产党。2013年10月至今任宿州市汽车运输总公司、宿州市汽车运输集团有限公司党委书记（副处级）、董事长。"
http://www.ahjjjc.gov.cn/sggb286/p/44373.html,县处级及以下干部,滁州城市职业学院总务处（保卫处）处长曹勇接受组织审查,2017-04-20 10:26,安徽纪检监察网,"据滁州市纪委消息：滁州城市职业学院总务处（保卫处）处长曹勇（副县级）涉嫌严重违纪，目前正在接受组织审查。,曹勇简历,曹勇，男，汉族，1962年9月出生，安徽凤阳人，中共党员。1984年7月参加工作，1985年4月加入中国共产党。,1984年7月至2010年10月，在凤阳师范学校工作，历任凤阳师范学校总务处副主任、总务处主任；,2010年10月至2015年9月，历任滁州城市职业学院正科级干部、滁州城市职业学院总务处（保卫处）副处长；,2015年9月至今，任滁州城市职业学院总务处（保卫处）处长。（滁州市纪委）"
http://www.ahjjjc.gov.cn/sggb286/p/44381.html,县处级及以下干部,马鞍山市征迁拆迁工作办公室原副主任李站华接受组织审查,2017-04-20 10:33,安徽纪检监察网,据马鞍山市纪委消息：马鞍山市征迁拆迁工作办公室原副主任李站华涉嫌严重违纪，目前正在接受组织审查。
http://www.ahjjjc.gov.cn/sggb286/p/44379.html,县处级及以下干部,安庆市宜秀区原区委书记李顺琪严重违纪被开除党籍开除公职,2017-04-20 11:17,安徽纪检监察网,"日前，经中共安徽省委批准，安徽省纪委对安庆市宜秀区原区委书记李顺琪严重违纪问题进行了立案审查。,经查，李顺琪严重违反中央八项规定精神，公款旅游、违规领取津补贴；严重违反廉洁纪律，收受可能影响公正执行公务的礼金、购物卡；严重违反生活纪律，与多名女性发生不正当性关系；严重违反国家法律、法规，收受或索取他人巨额财物，利用职务上的便利、滥用职权为他人谋取利益。,李顺琪身为党员领导干部，理想信念丧失，严重违反党的纪律，且十八大后不收敛、不收手，情节严重、性质恶劣。依据《中国共产党纪律处分条例》和《行政机关公务员处分条例》等有关规定，经中共安徽省纪委常委会议审议并报安徽省委批准，决定给予李顺琪开除党籍、开除公职处分；按程序终止其省党代表资格；收缴其违纪所得；将其涉嫌犯罪问题移送司法机关处理。"
http://www.ahjjjc.gov.cn/sggb286/p/44387.html,县处级及以下干部,天长市原政协主席贾国辉严重违纪被开除党籍,2017-01-24 11:32,安徽纪检监察网,"据滁州市纪委消息：日前，经中共滁州市委批准，中共滁州市纪委对天长市原政协主席贾国辉严重违纪问题进行了立案审查。,经查，贾国辉违反政治纪律，转移涉案财物、与他人串供、要求他人作伪证，对抗组织审查；违反组织纪律，不按规定报告个人有关事项；违反廉洁纪律，违规从事营利活动。利用职务上的便利为他人谋取利益并收受巨额财物，涉嫌受贿犯罪。,贾国辉身为党员领导干部，理想信念丧失，严重违反党的纪律，且在党的十八大后仍不收敛、不收手，性质恶劣、情节严重。依据《中国共产党纪律处分条例》等有关规定，经中共滁州市纪委常委会议审议并报中共滁州市委批准，决定给予贾国辉开除党籍处分，取消其退休待遇；收缴其违纪所得；将其涉嫌犯罪问题、线索及所涉款物移送司法机关依法处理。"
http://www.ahjjjc.gov.cn/sggb286/p/44426.html,县处级及以下干部,"黄山市黄山区经信委党组书记、主任胡克胜 (享受副县级待遇)接受组织调查",2016-10-19 09:07,安徽纪检监察网,"据黄山市纪委消息：黄山区经信委党组书记、主任胡克胜(享受副县级待遇)涉嫌严重违纪，目前正接受组织调查。,胡克胜简历,胡克胜，男，汉族，1967年3月出生，安徽省青阳人，大专文化。1991年5月加入中国共产党，1985年7月参加工作，1985年7月至1989年9月，在黄山市（区）原郭村乡政府任会计；1989年9月至1991年7月，在安徽经济管理学院学习；1991年7月至2000年10月，先后任黄山区原郭村乡团委书记、政府副乡长、乡长助理、党委委员、副书记兼纪委书记；2000年10月至2004年3月，先后任黄山区仙源镇党委委员、纪委书记、副书记；2004年3月至2016年2月先后任黄山区新明乡党委委员、副书记、乡长、党委书记、人大主席（2012年2月，享受副县级待遇）;2016年2月任黄山区经信委党组书记、主任。（黄山市纪委）"
http://www.ahjjjc.gov.cn/sggb286/p/44427.html,县处级及以下干部,芜湖市体育局原党组书记、局长胡景东被开除党籍和公职,2016-10-27 08:26,安徽纪检监察网,"据芜湖市纪委消息：日前，经芜湖市委批准，芜湖市纪委决定对芜湖市体育局原党组书记、局长胡景东严重违纪问题进行了立案审查。,经查，胡景东违反政治纪律，在市委巡察期间大肆进行串供活动，对抗组织审查；违反中央八项规定精神，在党的十八大后至2015年间，每逢节日都安排公款购买、收送节礼，并挥霍公款用于个人消费，数额巨大；违反组织纪律，违规录用、提拔自己的情妇和“两劳释放”人员，严重损害单位正常的管理秩序；违反廉洁纪律，多次接受可能影响公正执行公务的娱乐、宴请、旅游等安排，搞权色、钱色交易，与多名女性保持不正当两性关系；违反工作纪律，不履行全面从严治党和党风廉政建设主体责任及第一责任人职责，自身带头违纪违法，导致上行下效，带坏了班子和队伍，产生严重后果。经常与下属进行赌博，赌资较大；涉嫌贪污、受贿、挪用公款犯罪。,胡景东身为党员领导干部，理想信念丧失，道德品质滑坡，严重违反党的纪律，且党的十八大后仍不收敛、不收手，性质恶劣、情节严重。依据《中国共产党纪律处分条例》等有关规定，经市纪委常委会议(市监察局局长办公会议)审议并报市委批准，决定给予胡景东开除党籍，由市政府批准，给予其开除公职处分；收缴其违纪所得；将其涉嫌犯罪问题、线索及所涉款物移送司法机关依法处理。"
http://www.ahjjjc.gov.cn/sggb286/p/44428.html,县处级及以下干部,芜湖市交通运输局原调研员郑振祥被开除党籍和公职,2016-10-27 08:44,安徽纪检监察网,"据芜湖市纪委消息：市交通运输局原调研员郑振祥严重违纪并涉嫌犯罪，芜湖市纪委对其立案审查并移送司法机关，市中级人民法院终审判决郑振祥犯受贿罪，判处有期徒刑三年，并处罚金二十万元。,经查，郑振祥利用职务之便，为他人谋取利益，收受贿赂数额巨大。,郑振祥身为党员领导干部，理想信念丧失，严重违反党的纪律，依据《中国共产党纪律处分条例》等有关规定，经市纪委常委会议审议并报市委常委会议批准，决定给予郑振祥开除党籍处分；由所在单位开除其公职。"
http://www.ahjjjc.gov.cn/sggb286/p/44429.html,县处级及以下干部,"马鞍山市采石风景名胜区管理处党总支书记 富军(副处级)接受组织调查",2016-11-16 11:49,安徽纪检监察网,据马鞍山市纪委消息：马鞍山市采石风景名胜区管理处党总支书记富军（副处级）涉嫌严重违纪，目前正接受组织调查。
http://www.ahjjjc.gov.cn/sggb286/p/44431.html,县处级及以下干部,天长市政协原主席贾国辉接受组织调查,2016-11-23 09:29,安徽纪检监察网,"据滁州市纪委消息：天长市政协原主席贾国辉涉嫌严重违纪，目前正接受组织调查。,贾国辉简历,天长县向阳公社下放知青,安徽省地质局664地质队水晶车间工人,期间：1978.12-1983.12在安徽师范大学夜大化学专业学习),天长县皖东化工厂技术员,天长县科协技干、秘书,天长县多种经营管理局副局长、党组成员,天长县釜山乡党委书记,天长县釜山乡党委书记(正科级),天长县(市)石化厂厂长,天长市政府市长助理,天长市政府副市长、党组成员,天长市委常委、市政府副市长,天长市委常委、政法委书记,天长市委常委、政法委书记，安徽天长经济开发区党工委书记,天长市政协副主席、党组副书记,天长市政协主席、党组书记,办理退休手续,滁州市纪委)"
http://www.ahjjjc.gov.cn/sggb286/p/44433.html,县处级及以下干部,安庆市宜秀区区委书记李顺琪接受组织调查,2016-12-20 11:35,安徽纪检监察网,安庆市宜秀区区委书记李顺琪涉嫌严重违纪，目前正在接受组织调查。
http://www.ahjjjc.gov.cn/sggb286/p/44389.html,县处级及以下干部,池州学院财务处原处长（正处级）曹刚接受组织调查,2017-01-09 16:36,安徽纪检监察网,据池州市纪委消息：池州学院财务处原处长（正处级）曹刚涉嫌严重违纪，目前正在接受组织调查。
http://www.ahjjjc.gov.cn/sggb286/p/44425.html,县处级及以下干部,淮南市第一人民医院原党委书记宗强接受组织调查,2016-10-17 11:17,安徽纪检监察网,据淮南市纪委消息：淮南市第一人民医院原党委书记宗强涉嫌严重违纪，目前正在接受组织调查。
http://www.ahjjjc.gov.cn/sggb286/p/44414.html,县处级及以下干部,阜阳师范学校原党委书记、校长魏成杰接受组织调查,2016-06-06 10:00,安徽纪检监察网,"据阜阳市纪委消息：阜阳师范学校原党委书记、校长魏成杰涉嫌严重违纪，目前正在接受组织调查。,魏成杰简历,魏成杰，男，1958年10月出生，1990年5月入党，1983年7月至1985年5月任阜阳县闻集中学教师、团支部书记，1985年5月至1995年5月任县级阜阳市教师进修学校教导处副主任，1995年5月至2004年10月任阜阳师范学校副校长，2004年10月至2006年12月任阜阳师范学校校长，2006年12月至今任阜阳师范学校党委书记、校长。（阜阳市纪委）"
http://www.ahjjjc.gov.cn/sggb286/p/44417.html,县处级及以下干部,"来安县政协副主席、县政府教育督导室主任 袁世年被立案调查",2016-07-05 14:32,安徽纪检监察网,"据滁州市监察局消息：来安县政协副主席、县政府教育督导室主任袁世年因涉嫌严重违纪被立案调查。,袁世年简历,袁世年，男，汉族，1963年10月出生，无党派，大学学历，安徽来安人。1986年7月至1994年9月，来安中学教师；,1994年9月至1997年8月，来安中学史地教研组组长；,1997年8月至2001年9月，来安中学教导处副主任；,2001年9月至2004年8月，来安中学教导处主任；,2004年8月至2007年1月，来安中学副校长；,2007年1月至2009年9月，来安县政协副主席、来安中学副校长；,2009年9月至2015年9月，来安县政协副主席、来安中学校长；,2015年9月至今，来安县政协副主席、县政府教育督导室主任。(滁州市监察局)"
http://www.ahjjjc.gov.cn/sggb286/p/44418.html,县处级及以下干部,"宿州埇桥区卫计委主任刘波 （保留副县级待遇）接受组织调查",2016-07-11 15:03,安徽纪检监察网,"据宿州市纪委消息：埇桥区卫计委主任刘波（保留副县级待遇）涉嫌严重违纪，目前正在接受组织调查。,刘波简历,刘波，男，汉族，1963年3月生，省委党校研究生学历，安徽固镇县人，1982年7月参加工作，1983年9月加入中国共产党，1980年7月毕业于宿县地区农校，1982年7月至1984年4月在宿县祁县乡工作，1984年4月至1995年12月历任宿县县委办机要员、机要科长、局长，1995年12月至2001年12月任蒿沟乡党委副书记、人大主席、党委书记，2001年12月至2005年9月任时村镇党委副书记、镇长（2003年12月至2005年9月暂享受副县级待遇），2005年9月至2007年5月任时村镇党委书记（享受副县级待遇），2007年5月至2011年6月任埇桥区计生委主任、&nbsp;党组书记（保留副县级待遇），2011年6月至2015年8月任区卫生局局长、党组书记，2015年8月至今任区委委员，区卫计委主任、党组书记。（宿州市纪委）"
http://www.ahjjjc.gov.cn/sggb286/p/44419.html,县处级及以下干部,"定远县原县委常委、副县长杨锋平 严重违纪被开除党籍和公职",2016-07-18 17:24,安徽纪检监察网,"日前，经滁州市委批准，滁州市纪委对定远县原县委常委、副县长杨锋平严重违纪问题进行立案审查。,经查，杨锋平严重违反政治纪律，安排他人为其个人及妻子办理虚假身份证，并利用虚假身份证购买房产，隐匿个人财产，与他人串供，对抗组织审查；严重违反中央八项规定精神，违规接受他人所送礼品，违规接受吃请；严重违反组织纪律，不如实申报个人有关事项；严重违反廉洁纪律，违规从事营利活动，挥霍浪费公款，违规购买公务用车；违反生活纪律，与他人发生不正当性关系；利用职务上的便利在工程承接等方面为他人谋取利益并收受财物。,杨锋平身为党员领导干部，理想信念丧失，严重违反党的纪律，且党的十八大后仍不收敛、不收手，性质恶劣、情节严重。依据《中国共产党纪律处分条例》等有关规定，经滁州市纪委常委会议审议并报滁州市委批准，决定给予杨锋平开除党籍处分；由滁州市监察局报滁州市人民政府批准，给予其开除公职处分；收缴其违纪所得；将其涉嫌犯罪问题、线索及所涉款物移送司法机关依法处理。（滁州市纪委）"
http://www.ahjjjc.gov.cn/sggb286/p/44420.html,县处级及以下干部,天长市原副市长刘正田严重违纪被开除党籍和公职,2016-07-18 17:25,安徽纪检监察网,"日前，经滁州市委批准，滁州市纪委对天长市原副市长刘正田严重违纪问题进行立案审查。,经查，刘正田严重违反政治纪律，与他人串供，对抗组织审查；严重违反组织纪律，个人私存因私出国护照；严重违反工作纪律，干预和插手市场经济活动；利用职务上的便利在工程保证金退还、工程款结算等方面为他人谋取利益并收受财物。,刘正田身为党员领导干部，理想信念丧失，严重违反党的纪律，且党的十八大后仍不收敛、不收手，性质恶劣、情节严重。依据《中国共产党纪律处分条例》等有关规定，经滁州市纪委常委会议审议并报滁州市委批准，决定给予刘正田开除党籍处分；由滁州市监察局报滁州市人民政府批准，给予其开除公职处分；收缴其违纪所得；将其涉嫌犯罪问题、线索及所涉款物移送司法机关依法处理。（滁州市纪委）"
http://www.ahjjjc.gov.cn/sggb286/p/44421.html,县处级及以下干部,"滁州市农委原副主任、党组成员崔守龙 严重违纪被开除党籍和公职",2016-07-19 08:13,安徽纪检监察网,"日前，经滁州市委批准，滁州市纪委对滁州市农委原副主任、党组成员崔守龙严重违纪问题进行立案审查。,经查，崔守龙严重违反有关纪律和国家法律法规规定，利用职务上的便利，将本应由个人支付的有关费用公款报销；为他人谋取利益并收受财物。,崔守龙身为党员领导干部，理想信念丧失，严重违反有关纪律和国家法律法规规定，且党的十八大后仍不收敛、不收手，性质恶劣、情节严重，其行为涉嫌犯罪。依据《中国共产党纪律处分条例》等有关规定，经滁州市纪委常委会议审议并报滁州市委批准，决定给予崔守龙开除党籍处分；由滁州市监察局报滁州市人民政府批准，给予其开除公职处分；收缴其违纪所得；将其涉嫌犯罪问题、线索及所涉款物移送司法机关依法处理。(滁州市纪委)"
http://www.ahjjjc.gov.cn/sggb286/p/44422.html,县处级及以下干部,宿州市第二人民医院院长梁永建接受组织调查,2016-07-26 08:57,安徽纪检监察网,"据宿州市纪委消息：宿州市第二人民医院院长梁永建涉嫌严重违纪，目前正在接受组织调查。,梁永建简历,梁永建，男，汉族，安徽宿州埇桥区人，大学学历，1966年1月出生，1988年7月参加工作，1996年1月加入中国共产党。2010年8月至2013年7月任宿州市第二人民医院党委书记，2013年7月至今任宿州市第二人民医院院长。（宿州市纪委）"
http://www.ahjjjc.gov.cn/sggb286/p/44413.html,县处级及以下干部,宿州市政协常委、市立医院院长陈新民被立案调查,2016-05-25 16:02,安徽纪检监察网,"据宿州市监察局消息：宿州市政协常委、市立医院院长陈新民因涉嫌严重违纪被立案调查。,陈新民简历,陈新民，男，无党派，1958年6月出生，1998年10月至2000年6月任皖北制药厂厂长助理、皖北制药厂副厂长，2000年6月至2002年1月任皖北药品经营公司经理，2002年1月至2005年12月任宿州市中医院院长，2005年12月至2007年5月任宿州市中医院院长、市立医院院长，2007年5月至今任宿州市立医院院长。（宿州市监察局）"
http://www.ahjjjc.gov.cn/sggb286/p/44407.html,县处级及以下干部,灵璧县人大常委会副主任张吉标接受组织调查,2016-04-26 09:00,安徽纪检监察网,"据宿州市纪委消息：灵璧县人大常委会副主任张吉标涉嫌严重违纪，目前正在接受组织调查。,张吉标简历：,张吉标，男，汉族，1961年8月生，安徽灵璧人，省委党校研究生学历，1981年7月参加工作，1988年8月加入中国共产党，现任灵璧县人大常委会副主任。"
http://www.ahjjjc.gov.cn/sggb286/p/44408.html,县处级及以下干部,灵璧县人大常委会副主任刘銮斌接受组织调查,2016-05-03 17:37,安徽纪检监察网,"据宿州市纪委消息：灵璧县人大常委会副主任刘銮斌涉嫌严重违纪，目前正在接受组织调查。,刘銮斌简历：,刘銮斌，男，汉族，1957年3月生，大学文化，中共党员，1981年7月参加工作，1983年7月加入中国共产党。2000 年1月至2003年1月任灵璧县灵城镇镇长（副县级)，2003 年1月至2011年3月任灵璧县教育局局长、党组书记，2011年3月至2011年5月任灵璧县人大常委会副主任，县教育局局长、党组书记，2011年5月至今任灵璧县人大常委会副主任。"
http://www.ahjjjc.gov.cn/sggb286/p/44409.html,县处级及以下干部,"明光市工业园区管委会原主任陈勇因严重违纪 受到留党察看一年、行政撤职处分",2016-05-06 12:54,安徽纪检监察网,"日前，经滁州市委批准，滁州市纪委对明光市工业园区管委会原主任陈勇严重违纪问题进行了立案审查。,经查，陈勇严重违反中央八项规定精神，接受园区内工程承包人员、私营企业主的现金、购物卡;严重违反廉洁纪律，利用职务上的便利为他人谋取利益并收受财物，违规占有有关企业房租余款。,陈勇身为党员领导干部，严重违反党的纪律，且党的十八大后仍不收敛、不收手，违反中央八项规定精神和党的廉洁纪律。依据《中国共产党纪律处分条例》和《行政机关公务员处分条例》等有关规定，经滁州市纪委常委会议审议并报市委批准，决定给予陈勇留党察看一年、行政撤职处分(降为主任科员);没收其违纪所得。（滁州市纪委）"
http://www.ahjjjc.gov.cn/sggb286/p/44410.html,县处级及以下干部,芜湖市体育局党组书记、局长胡景东接受组织调查,2016-05-16 14:37,安徽纪检监察网,"据芜湖市纪委消息:芜湖市体育局党组书记、局长胡景东涉嫌严重违纪，目前正在接受组织调查。,胡景东简历:,胡景东，男，1963年1月出生,1980年7月参加工作，1985年4月加入中国共产党。1998年11月至2000年7月任繁昌县委常委、孙村镇党委书记；2000年7月至2005年7月任繁昌县委常委、宣传部长；2005年7月至2006年2月任马塘区区委常委、宣传部长；2006年2月至2007年12月任弋江区区委常委、宣传部长；2007年12月至2008年4月任市体育局党组副书记、副局长（主持工作）；2008年4月至今，任市体育局党组书记、局长。"
http://www.ahjjjc.gov.cn/sggb286/p/44412.html,县处级及以下干部,黄山市园林管理局党支部书记、局长曹晟接受组织调查,2016-05-20 15:09,安徽纪检监察网,"据黄山市纪委消息：黄山市园林管理局党支部书记、局长曹晟涉嫌严重违纪，目前正在接受组织调查。,曹晟简历：,曹晟，男，1969年5月出生，1990年7月参加工作，2004年5月加入中国共产党。1993年9月至2001年3月历任市园林管理处规划设计室助理工程师、工程师、规划设计室主任;2001年3月至2003年6月任市园林管理处副主任;2003年6月至2007年8月任市公交公司经理;2007年8月至2009年12月任市公交公司经理、市园林管理局副局长;2009年12月至2011年5月任市园林管理局副局长（主持工作）;2011年5月至今任市园林管理局党支部书记、局长。（黄山市纪委）"
